episode,exploration_strategy,return,success,steps,epsilon
0,constante,-6.3063,0,40,0.100000
1,constante,-12.1631,0,40,0.100000
2,constante,-2.5507,0,40,0.100000
3,constante,-0.3687,0,40,0.100000
4,constante,3.6676,0,40,0.100000
5,constante,-2.0613,0,40,0.100000
6,constante,-12.3228,0,40,0.100000
7,constante,-21.3988,0,40,0.100000
8,constante,-8.7975,0,40,0.100000
9,constante,0.9139,0,40,0.100000
10,constante,-0.9044,0,40,0.100000
11,constante,-8.5982,0,40,0.100000
12,constante,0.7641,0,40,0.100000
13,constante,-22.8183,0,40,0.100000
14,constante,-2.3426,0,40,0.100000
15,constante,0.5745,0,40,0.100000
16,constante,-7.9988,0,40,0.100000
17,constante,0.8332,0,40,0.100000
18,constante,-0.9429,0,40,0.100000
19,constante,-22.7610,0,40,0.100000
20,constante,-3.7258,0,40,0.100000
21,constante,0.6565,0,40,0.100000
22,constante,-0.3138,0,40,0.100000
23,constante,-5.9048,0,40,0.100000
24,constante,-17.4167,0,40,0.100000
25,constante,-17.1838,0,40,0.100000
26,constante,-22.2456,0,40,0.100000
27,constante,-6.5894,0,40,0.100000
28,constante,-5.6772,0,40,0.100000
29,constante,-13.2943,0,40,0.100000
30,constante,-8.6359,0,40,0.100000
31,constante,-4.5125,0,40,0.100000
32,constante,-11.1402,0,40,0.100000
33,constante,-21.4744,0,40,0.100000
34,constante,-21.5463,0,40,0.100000
35,constante,-18.7953,0,40,0.100000
36,constante,-1.0906,0,40,0.100000
37,constante,-8.8676,0,40,0.100000
38,constante,-17.3760,0,40,0.100000
39,constante,-19.5278,0,40,0.100000
40,constante,-13.1230,0,40,0.100000
41,constante,-16.3073,0,40,0.100000
42,constante,1.0606,0,40,0.100000
43,constante,-3.9442,0,40,0.100000
44,constante,-16.1919,0,40,0.100000
45,constante,-21.0252,0,40,0.100000
46,constante,-20.7016,0,40,0.100000
47,constante,-20.9730,0,40,0.100000
48,constante,-21.2317,0,40,0.100000
49,constante,0.9668,0,40,0.100000
50,constante,0.0088,0,40,0.100000
51,constante,-21.9919,0,40,0.100000
52,constante,-11.9566,0,40,0.100000
53,constante,-22.6455,0,40,0.100000
54,constante,-1.3386,0,40,0.100000
55,constante,-22.4484,0,40,0.100000
56,constante,-2.2516,0,40,0.100000
57,constante,0.0852,0,40,0.100000
58,constante,-5.9780,0,40,0.100000
59,constante,-5.5319,0,40,0.100000
60,constante,1.5009,0,40,0.100000
61,constante,-11.7310,0,40,0.100000
62,constante,1.6734,0,40,0.100000
63,constante,-6.2796,0,40,0.100000
64,constante,-0.1569,0,40,0.100000
65,constante,-2.9774,0,40,0.100000
66,constante,1.3870,0,40,0.100000
67,constante,-0.9216,0,40,0.100000
68,constante,-1.8458,0,40,0.100000
69,constante,-1.5311,0,40,0.100000
70,constante,-17.4205,0,40,0.100000
71,constante,-6.6206,0,40,0.100000
72,constante,-5.0624,0,40,0.100000
73,constante,-7.3204,0,40,0.100000
74,constante,-5.9588,0,40,0.100000
75,constante,-5.2855,0,40,0.100000
76,constante,-6.2544,0,40,0.100000
77,constante,-6.1633,0,40,0.100000
78,constante,-4.3952,0,40,0.100000
79,constante,-13.1402,0,40,0.100000
80,constante,-6.0759,0,40,0.100000
81,constante,-14.0787,0,40,0.100000
82,constante,-11.1622,0,40,0.100000
83,constante,-5.9317,0,40,0.100000
84,constante,-5.4987,0,40,0.100000
85,constante,-5.6247,0,40,0.100000
86,constante,-14.0034,0,40,0.100000
87,constante,-6.6206,0,40,0.100000
88,constante,-6.6206,0,40,0.100000
89,constante,-20.0248,0,40,0.100000
90,constante,-4.9154,0,40,0.100000
91,constante,-6.2058,0,40,0.100000
92,constante,-6.1817,0,40,0.100000
93,constante,-5.4268,0,40,0.100000
94,constante,-7.8912,0,40,0.100000
95,constante,-5.2678,0,40,0.100000
96,constante,-6.2273,0,40,0.100000
97,constante,-6.0642,0,40,0.100000
98,constante,-5.8734,0,40,0.100000
99,constante,-12.2789,0,40,0.100000
100,constante,-5.1770,0,40,0.100000
101,constante,-7.3746,0,40,0.100000
102,constante,-15.8278,0,40,0.100000
103,constante,-4.8474,0,40,0.100000
104,constante,-5.3555,0,40,0.100000
105,constante,-4.9866,0,40,0.100000
106,constante,-3.5251,0,40,0.100000
107,constante,-5.9476,0,40,0.100000
108,constante,-23.0428,0,40,0.100000
109,constante,-7.3023,0,40,0.100000
110,constante,-3.8012,0,40,0.100000
111,constante,-5.2162,0,40,0.100000
112,constante,-18.4899,0,40,0.100000
113,constante,-14.7352,0,40,0.100000
114,constante,-3.8590,0,40,0.100000
115,constante,-15.4071,0,40,0.100000
116,constante,-10.2599,0,40,0.100000
117,constante,-5.2627,0,40,0.100000
118,constante,-9.8060,0,40,0.100000
119,constante,-13.1635,0,40,0.100000
120,constante,-12.6612,0,40,0.100000
121,constante,-16.1023,0,40,0.100000
122,constante,-5.8093,0,40,0.100000
123,constante,-22.6243,0,40,0.100000
124,constante,-5.4706,0,40,0.100000
125,constante,-5.4382,0,40,0.100000
126,constante,-6.2077,0,40,0.100000
127,constante,-6.0491,0,40,0.100000
128,constante,-6.0546,0,40,0.100000
129,constante,-12.5035,0,40,0.100000
130,constante,-5.8513,0,40,0.100000
131,constante,-12.6016,0,40,0.100000
132,constante,1.8420,0,40,0.100000
133,constante,-5.6355,0,40,0.100000
134,constante,-5.7710,0,40,0.100000
135,constante,-5.7464,0,40,0.100000
136,constante,-6.6206,0,40,0.100000
137,constante,-5.8200,0,40,0.100000
138,constante,-19.3591,0,40,0.100000
139,constante,-15.3170,0,40,0.100000
140,constante,-13.1596,0,40,0.100000
141,constante,-5.2317,0,40,0.100000
142,constante,-9.7037,0,40,0.100000
143,constante,-6.6206,0,40,0.100000
144,constante,-5.4436,0,40,0.100000
145,constante,-23.5838,0,40,0.100000
146,constante,-5.1699,0,40,0.100000
147,constante,-5.5074,0,40,0.100000
148,constante,-6.6206,0,40,0.100000
149,constante,-5.7874,0,40,0.100000
150,constante,-6.2454,0,40,0.100000
151,constante,-14.5143,0,40,0.100000
152,constante,-5.2279,0,40,0.100000
153,constante,-5.5250,0,40,0.100000
154,constante,-7.4499,0,40,0.100000
155,constante,-15.0429,0,40,0.100000
156,constante,-3.5000,0,40,0.100000
157,constante,-5.8547,0,40,0.100000
158,constante,-20.7996,0,40,0.100000
159,constante,-4.1342,0,40,0.100000
160,constante,-14.0489,0,40,0.100000
161,constante,-6.3185,0,40,0.100000
162,constante,-14.7312,0,40,0.100000
163,constante,-6.1427,0,40,0.100000
164,constante,-12.4635,0,40,0.100000
165,constante,-5.8417,0,40,0.100000
166,constante,-12.8558,0,40,0.100000
167,constante,-4.7468,0,40,0.100000
168,constante,-11.2223,0,40,0.100000
169,constante,-20.6002,0,40,0.100000
170,constante,-5.4840,0,40,0.100000
171,constante,-11.7789,0,40,0.100000
172,constante,-5.5938,0,40,0.100000
173,constante,-23.7907,0,40,0.100000
174,constante,-15.7789,0,40,0.100000
175,constante,-13.0726,0,40,0.100000
176,constante,-13.1167,0,40,0.100000
177,constante,-14.3910,0,40,0.100000
178,constante,-10.7256,0,40,0.100000
179,constante,-5.2453,0,40,0.100000
180,constante,-13.8148,0,40,0.100000
181,constante,-6.0010,0,40,0.100000
182,constante,-5.0845,0,40,0.100000
183,constante,-17.2646,0,40,0.100000
184,constante,-5.3471,0,40,0.100000
185,constante,-5.9570,0,40,0.100000
186,constante,-14.3276,0,40,0.100000
187,constante,-3.8334,0,40,0.100000
188,constante,-5.7351,0,40,0.100000
189,constante,-12.8501,0,40,0.100000
190,constante,-6.6206,0,40,0.100000
191,constante,-4.2226,0,40,0.100000
192,constante,2.9891,0,40,0.100000
193,constante,4.5118,0,40,0.100000
194,constante,3.0169,0,40,0.100000
195,constante,-5.2475,0,40,0.100000
196,constante,-0.6184,0,40,0.100000
197,constante,-4.2005,0,40,0.100000
198,constante,-21.9064,0,40,0.100000
199,constante,-0.5953,0,40,0.100000
200,constante,-22.8137,0,40,0.100000
201,constante,-4.7644,0,40,0.100000
202,constante,-19.3272,0,40,0.100000
203,constante,-19.7214,0,40,0.100000
204,constante,-18.8675,0,40,0.100000
205,constante,-16.3562,0,40,0.100000
206,constante,-5.8853,0,40,0.100000
207,constante,-23.0567,0,40,0.100000
208,constante,-6.1368,0,40,0.100000
209,constante,-11.8732,0,40,0.100000
210,constante,-5.5741,0,40,0.100000
211,constante,-4.0450,0,40,0.100000
212,constante,0.9430,0,40,0.100000
213,constante,0.3158,0,40,0.100000
214,constante,1.8171,0,40,0.100000
215,constante,-9.6385,0,40,0.100000
216,constante,-2.6809,0,40,0.100000
217,constante,-0.0617,0,40,0.100000
218,constante,1.2996,0,40,0.100000
219,constante,-16.1441,0,40,0.100000
220,constante,-0.9118,0,40,0.100000
221,constante,-6.2396,0,40,0.100000
222,constante,-11.1488,0,40,0.100000
223,constante,-21.0477,0,40,0.100000
224,constante,-19.7415,0,40,0.100000
225,constante,-9.0721,0,40,0.100000
226,constante,-13.7413,0,40,0.100000
227,constante,-15.4779,0,40,0.100000
228,constante,-2.9255,0,40,0.100000
229,constante,0.7212,0,40,0.100000
230,constante,2.2990,0,40,0.100000
231,constante,3.6273,0,40,0.100000
232,constante,1.2222,0,40,0.100000
233,constante,-16.3552,0,40,0.100000
234,constante,-19.4921,0,40,0.100000
235,constante,1.8687,0,40,0.100000
236,constante,-4.6098,0,40,0.100000
237,constante,-7.4735,0,40,0.100000
238,constante,-21.4966,0,40,0.100000
239,constante,-0.8929,0,40,0.100000
240,constante,0.4288,0,40,0.100000
241,constante,1.0231,0,40,0.100000
242,constante,2.3074,0,40,0.100000
243,constante,-14.7015,0,40,0.100000
244,constante,-20.9654,0,40,0.100000
245,constante,1.8286,0,40,0.100000
246,constante,0.7387,0,40,0.100000
247,constante,1.7337,0,40,0.100000
248,constante,-15.7170,0,40,0.100000
249,constante,-7.2959,0,40,0.100000
250,constante,0.3479,0,40,0.100000
251,constante,-11.5107,0,40,0.100000
252,constante,-0.0906,0,40,0.100000
253,constante,0.3151,0,40,0.100000
254,constante,-12.0997,0,40,0.100000
255,constante,-0.8055,0,40,0.100000
256,constante,1.5466,0,40,0.100000
257,constante,-13.2160,0,40,0.100000
258,constante,-4.5275,0,40,0.100000
259,constante,2.2842,0,40,0.100000
260,constante,0.0557,0,40,0.100000
261,constante,1.4517,0,40,0.100000
262,constante,-14.2877,0,40,0.100000
263,constante,-4.7518,0,40,0.100000
264,constante,-9.3425,0,40,0.100000
265,constante,-11.5639,0,40,0.100000
266,constante,-0.0887,0,40,0.100000
267,constante,-1.0987,0,40,0.100000
268,constante,-15.0196,0,40,0.100000
269,constante,-1.1103,0,40,0.100000
270,constante,-1.8050,0,40,0.100000
271,constante,-12.0903,0,40,0.100000
272,constante,-1.4576,0,40,0.100000
273,constante,-11.8087,0,40,0.100000
274,constante,-1.0134,0,40,0.100000
275,constante,-11.7272,0,40,0.100000
276,constante,-2.1228,0,40,0.100000
277,constante,0.9568,0,40,0.100000
278,constante,-8.5597,0,40,0.100000
279,constante,-5.5973,0,40,0.100000
280,constante,-6.6206,0,40,0.100000
281,constante,-4.8940,0,40,0.100000
282,constante,-6.9544,0,40,0.100000
283,constante,0.4966,0,40,0.100000
284,constante,-0.9229,0,40,0.100000
285,constante,-14.9673,0,40,0.100000
286,constante,2.3254,0,40,0.100000
287,constante,-9.2844,0,40,0.100000
288,constante,-3.5441,0,40,0.100000
289,constante,-20.0025,0,40,0.100000
290,constante,-15.2786,0,40,0.100000
291,constante,2.1273,0,40,0.100000
292,constante,2.0266,0,40,0.100000
293,constante,0.4857,0,40,0.100000
294,constante,-5.8208,0,40,0.100000
295,constante,-6.1437,0,40,0.100000
296,constante,-6.3179,0,40,0.100000
297,constante,-19.7119,0,40,0.100000
298,constante,-3.9531,0,40,0.100000
299,constante,-4.2846,0,40,0.100000
300,constante,1.6175,0,40,0.100000
301,constante,-2.4747,0,40,0.100000
302,constante,-3.8480,0,40,0.100000
303,constante,-4.1507,0,40,0.100000
304,constante,-0.5322,0,40,0.100000
305,constante,0.5980,0,40,0.100000
306,constante,1.0324,0,40,0.100000
307,constante,-7.1620,0,40,0.100000
308,constante,-6.6206,0,40,0.100000
309,constante,2.1097,0,40,0.100000
310,constante,2.4578,0,40,0.100000
311,constante,-11.9274,0,40,0.100000
312,constante,0.2867,0,40,0.100000
313,constante,-0.5009,0,40,0.100000
314,constante,-22.0896,0,40,0.100000
315,constante,-0.2035,0,40,0.100000
316,constante,-6.6206,0,40,0.100000
317,constante,-2.8720,0,40,0.100000
318,constante,-22.2977,0,40,0.100000
319,constante,0.9818,0,40,0.100000
320,constante,-21.8901,0,40,0.100000
321,constante,-3.3875,0,40,0.100000
322,constante,-3.4275,0,40,0.100000
323,constante,-20.2560,0,40,0.100000
324,constante,-19.8899,0,40,0.100000
325,constante,0.4485,0,40,0.100000
326,constante,-1.6171,0,40,0.100000
327,constante,-5.9453,0,40,0.100000
328,constante,0.6338,0,40,0.100000
329,constante,-0.2847,0,40,0.100000
330,constante,-9.8566,0,40,0.100000
331,constante,-6.6222,0,40,0.100000
332,constante,-0.2204,0,40,0.100000
333,constante,0.9824,0,40,0.100000
334,constante,-1.0592,0,40,0.100000
335,constante,-2.7384,0,40,0.100000
336,constante,-3.3389,0,40,0.100000
337,constante,0.0687,0,40,0.100000
338,constante,-21.5389,0,40,0.100000
339,constante,-1.5308,0,40,0.100000
340,constante,-6.4512,0,40,0.100000
341,constante,0.1487,0,40,0.100000
342,constante,-0.7830,0,40,0.100000
343,constante,-6.6866,0,40,0.100000
344,constante,-2.9031,0,40,0.100000
345,constante,-1.9569,0,40,0.100000
346,constante,-17.9191,0,40,0.100000
347,constante,0.6412,0,40,0.100000
348,constante,-21.9554,0,40,0.100000
349,constante,-20.2027,0,40,0.100000
350,constante,-15.7616,0,40,0.100000
351,constante,1.0612,0,40,0.100000
352,constante,-21.1164,0,40,0.100000
353,constante,-23.1894,0,40,0.100000
354,constante,0.7389,0,40,0.100000
355,constante,0.2057,0,40,0.100000
356,constante,-18.7010,0,40,0.100000
357,constante,-0.7237,0,40,0.100000
358,constante,0.9070,0,40,0.100000
359,constante,0.8330,0,40,0.100000
360,constante,-3.8752,0,40,0.100000
361,constante,0.6846,0,40,0.100000
362,constante,-0.6856,0,40,0.100000
363,constante,-2.7594,0,40,0.100000
364,constante,-2.6072,0,40,0.100000
365,constante,-2.5290,0,40,0.100000
366,constante,-14.8545,0,40,0.100000
367,constante,-1.6475,0,40,0.100000
368,constante,-20.0702,0,40,0.100000
369,constante,-2.0324,0,40,0.100000
370,constante,-4.6435,0,40,0.100000
371,constante,-1.7264,0,40,0.100000
372,constante,-6.3290,0,40,0.100000
373,constante,-0.6405,0,40,0.100000
374,constante,0.4602,0,40,0.100000
375,constante,-10.9004,0,40,0.100000
376,constante,-6.2849,0,40,0.100000
377,constante,-9.6547,0,40,0.100000
378,constante,-0.2968,0,40,0.100000
379,constante,1.5889,0,40,0.100000
380,constante,-5.9283,0,40,0.100000
381,constante,0.6519,0,40,0.100000
382,constante,-1.1590,0,40,0.100000
383,constante,-20.5054,0,40,0.100000
384,constante,0.5745,0,40,0.100000
385,constante,0.0945,0,40,0.100000
386,constante,-2.4153,0,40,0.100000
387,constante,-17.4183,0,40,0.100000
388,constante,-0.1892,0,40,0.100000
389,constante,-1.4256,0,40,0.100000
390,constante,-20.8189,0,40,0.100000
391,constante,-17.6376,0,40,0.100000
392,constante,-1.8633,0,40,0.100000
393,constante,-0.3603,0,40,0.100000
394,constante,1.0293,0,40,0.100000
395,constante,-8.0592,0,40,0.100000
396,constante,1.8050,0,40,0.100000
397,constante,-7.2545,0,40,0.100000
398,constante,1.1174,0,40,0.100000
399,constante,-9.4128,0,40,0.100000
400,constante,0.6179,0,40,0.100000
401,constante,-11.7815,0,40,0.100000
402,constante,-6.5410,0,40,0.100000
403,constante,-6.0043,0,40,0.100000
404,constante,-12.0165,0,40,0.100000
405,constante,-13.7028,0,40,0.100000
406,constante,-6.5440,0,40,0.100000
407,constante,-6.2148,0,40,0.100000
408,constante,-4.4705,0,40,0.100000
409,constante,-6.2475,0,40,0.100000
410,constante,-6.2957,0,40,0.100000
411,constante,-4.9280,0,40,0.100000
412,constante,-5.4883,0,40,0.100000
413,constante,-6.3845,0,40,0.100000
414,constante,-5.8753,0,40,0.100000
415,constante,-6.6206,0,40,0.100000
416,constante,-5.4343,0,40,0.100000
417,constante,-6.0456,0,40,0.100000
418,constante,-5.8584,0,40,0.100000
419,constante,-5.9106,0,40,0.100000
420,constante,-6.0937,0,40,0.100000
421,constante,-6.6206,0,40,0.100000
422,constante,-4.8885,0,40,0.100000
423,constante,-19.6426,0,40,0.100000
424,constante,-13.8585,0,40,0.100000
425,constante,-6.4057,0,40,0.100000
426,constante,-13.2792,0,40,0.100000
427,constante,-21.8407,0,40,0.100000
428,constante,-19.2279,0,40,0.100000
429,constante,-6.4912,0,40,0.100000
430,constante,-6.6206,0,40,0.100000
431,constante,-6.4551,0,40,0.100000
432,constante,-13.2931,0,40,0.100000
433,constante,-9.4192,0,40,0.100000
434,constante,-9.8226,0,40,0.100000
435,constante,-11.6511,0,40,0.100000
436,constante,-13.4745,0,40,0.100000
437,constante,-6.2119,0,40,0.100000
438,constante,-6.4950,0,40,0.100000
439,constante,-5.4528,0,40,0.100000
440,constante,-6.2282,0,40,0.100000
441,constante,-21.4882,0,40,0.100000
442,constante,-6.3572,0,40,0.100000
443,constante,-5.5366,0,40,0.100000
444,constante,-6.6206,0,40,0.100000
445,constante,-5.9373,0,40,0.100000
446,constante,-6.6206,0,40,0.100000
447,constante,-6.0421,0,40,0.100000
448,constante,-6.1849,0,40,0.100000
449,constante,-6.6206,0,40,0.100000
450,constante,-21.7272,0,40,0.100000
451,constante,-6.2368,0,40,0.100000
452,constante,-6.2374,0,40,0.100000
453,constante,-6.3500,0,40,0.100000
454,constante,-6.6206,0,40,0.100000
455,constante,-11.8002,0,40,0.100000
456,constante,-6.6206,0,40,0.100000
457,constante,-5.8026,0,40,0.100000
458,constante,-10.3238,0,40,0.100000
459,constante,-14.4009,0,40,0.100000
460,constante,-5.8009,0,40,0.100000
461,constante,-7.8568,0,40,0.100000
462,constante,-5.2571,0,40,0.100000
463,constante,-6.4861,0,40,0.100000
464,constante,-7.2296,0,40,0.100000
465,constante,-17.9773,0,40,0.100000
466,constante,-6.4345,0,40,0.100000
467,constante,-6.4584,0,40,0.100000
468,constante,-14.9940,0,40,0.100000
469,constante,-18.7745,0,40,0.100000
470,constante,-17.2087,0,40,0.100000
471,constante,-6.4699,0,40,0.100000
472,constante,-6.6206,0,40,0.100000
473,constante,-6.6306,0,40,0.100000
474,constante,-5.3855,0,40,0.100000
475,constante,-20.3813,0,40,0.100000
476,constante,-5.8077,0,40,0.100000
477,constante,-10.9911,0,40,0.100000
478,constante,-13.1772,0,40,0.100000
479,constante,-5.9921,0,40,0.100000
480,constante,-15.0895,0,40,0.100000
481,constante,-21.3148,0,40,0.100000
482,constante,-12.6694,0,40,0.100000
483,constante,-22.4437,0,40,0.100000
484,constante,-6.5910,0,40,0.100000
485,constante,-13.6378,0,40,0.100000
486,constante,-9.0744,0,40,0.100000
487,constante,-6.2713,0,40,0.100000
488,constante,-13.6604,0,40,0.100000
489,constante,-6.2883,0,40,0.100000
490,constante,-15.7308,0,40,0.100000
491,constante,-6.0826,0,40,0.100000
492,constante,-17.0602,0,40,0.100000
493,constante,-6.1982,0,40,0.100000
494,constante,-14.7201,0,40,0.100000
495,constante,-6.3261,0,40,0.100000
496,constante,-5.5274,0,40,0.100000
497,constante,-23.5408,0,40,0.100000
498,constante,-6.3538,0,40,0.100000
499,constante,-4.8374,0,40,0.100000
500,constante,-4.4162,0,40,0.100000
501,constante,-6.4487,0,40,0.100000
502,constante,-6.2751,0,40,0.100000
503,constante,-17.8196,0,40,0.100000
504,constante,-6.6206,0,40,0.100000
505,constante,-6.3000,0,40,0.100000
506,constante,-5.7682,0,40,0.100000
507,constante,-16.7247,0,40,0.100000
508,constante,-6.2277,0,40,0.100000
509,constante,-15.4746,0,40,0.100000
510,constante,-6.3925,0,40,0.100000
511,constante,-5.5655,0,40,0.100000
512,constante,-12.3853,0,40,0.100000
513,constante,-6.1172,0,40,0.100000
514,constante,-6.2129,0,40,0.100000
515,constante,-5.9553,0,40,0.100000
516,constante,-6.1920,0,40,0.100000
517,constante,-6.6206,0,40,0.100000
518,constante,-23.6200,0,40,0.100000
519,constante,-16.1440,0,40,0.100000
520,constante,-5.2167,0,40,0.100000
521,constante,-4.4388,0,40,0.100000
522,constante,-15.2347,0,40,0.100000
523,constante,-5.9230,0,40,0.100000
524,constante,-10.1599,0,40,0.100000
525,constante,-5.8747,0,40,0.100000
526,constante,-6.7848,0,40,0.100000
527,constante,-19.2020,0,40,0.100000
528,constante,-9.4301,0,40,0.100000
529,constante,-6.2326,0,40,0.100000
530,constante,-5.9216,0,40,0.100000
531,constante,-5.8858,0,40,0.100000
532,constante,-6.5050,0,40,0.100000
533,constante,-5.4789,0,40,0.100000
534,constante,-16.3321,0,40,0.100000
535,constante,-6.0750,0,40,0.100000
536,constante,-6.6307,0,40,0.100000
537,constante,-6.6206,0,40,0.100000
538,constante,-6.4973,0,40,0.100000
539,constante,-5.6504,0,40,0.100000
540,constante,-17.6599,0,40,0.100000
541,constante,-6.0471,0,40,0.100000
542,constante,-6.5874,0,40,0.100000
543,constante,-5.9033,0,40,0.100000
544,constante,-6.3236,0,40,0.100000
545,constante,-7.5075,0,40,0.100000
546,constante,-10.5980,0,40,0.100000
547,constante,-5.8587,0,40,0.100000
548,constante,-6.2058,0,40,0.100000
549,constante,-20.6102,0,40,0.100000
550,constante,-6.6206,0,40,0.100000
551,constante,-4.7841,0,40,0.100000
552,constante,-6.3804,0,40,0.100000
553,constante,-21.5292,0,40,0.100000
554,constante,-17.3543,0,40,0.100000
555,constante,-5.2219,0,40,0.100000
556,constante,-5.8093,0,40,0.100000
557,constante,-4.8503,0,40,0.100000
558,constante,-16.5746,0,40,0.100000
559,constante,-6.0100,0,40,0.100000
560,constante,-6.5504,0,40,0.100000
561,constante,-6.0277,0,40,0.100000
562,constante,-6.1301,0,40,0.100000
563,constante,-14.6512,0,40,0.100000
564,constante,-5.9795,0,40,0.100000
565,constante,-6.6206,0,40,0.100000
566,constante,-5.8926,0,40,0.100000
567,constante,-6.6206,0,40,0.100000
568,constante,-5.5231,0,40,0.100000
569,constante,-5.4447,0,40,0.100000
570,constante,-5.6749,0,40,0.100000
571,constante,-5.6540,0,40,0.100000
572,constante,-6.6206,0,40,0.100000
573,constante,-5.0336,0,40,0.100000
574,constante,-6.2551,0,40,0.100000
575,constante,-5.3138,0,40,0.100000
576,constante,-23.3649,0,40,0.100000
577,constante,-6.6206,0,40,0.100000
578,constante,-21.6720,0,40,0.100000
579,constante,-18.7503,0,40,0.100000
580,constante,-17.5810,0,40,0.100000
581,constante,-5.5059,0,40,0.100000
582,constante,-6.6331,0,40,0.100000
583,constante,-6.7872,0,40,0.100000
584,constante,-6.2921,0,40,0.100000
585,constante,-6.2748,0,40,0.100000
586,constante,-4.5493,0,40,0.100000
587,constante,-5.0161,0,40,0.100000
588,constante,-5.7642,0,40,0.100000
589,constante,-5.5638,0,40,0.100000
590,constante,-8.6328,0,40,0.100000
591,constante,-5.6554,0,40,0.100000
592,constante,-5.2655,0,40,0.100000
593,constante,-13.5631,0,40,0.100000
594,constante,-13.7138,0,40,0.100000
595,constante,-6.6609,0,40,0.100000
596,constante,-6.6478,0,40,0.100000
597,constante,-5.4609,0,40,0.100000
598,constante,-6.6189,0,40,0.100000
599,constante,-6.1160,0,40,0.100000
600,constante,-6.0392,0,40,0.100000
601,constante,-5.2010,0,40,0.100000
602,constante,-6.6206,0,40,0.100000
603,constante,-5.3016,0,40,0.100000
604,constante,-6.2411,0,40,0.100000
605,constante,-5.8763,0,40,0.100000
606,constante,-6.6317,0,40,0.100000
607,constante,-6.6445,0,40,0.100000
608,constante,-5.3930,0,40,0.100000
609,constante,-6.2466,0,40,0.100000
610,constante,-21.0642,0,40,0.100000
611,constante,-16.4503,0,40,0.100000
612,constante,-5.8230,0,40,0.100000
613,constante,-7.0419,0,40,0.100000
614,constante,-12.7637,0,40,0.100000
615,constante,-6.6206,0,40,0.100000
616,constante,-6.6206,0,40,0.100000
617,constante,-5.9937,0,40,0.100000
618,constante,-16.3934,0,40,0.100000
619,constante,-5.7256,0,40,0.100000
620,constante,-6.3147,0,40,0.100000
621,constante,-19.1280,0,40,0.100000
622,constante,-13.4761,0,40,0.100000
623,constante,-5.6277,0,40,0.100000
624,constante,-17.5010,0,40,0.100000
625,constante,-5.7722,0,40,0.100000
626,constante,-5.4529,0,40,0.100000
627,constante,-6.2026,0,40,0.100000
628,constante,-19.5308,0,40,0.100000
629,constante,-4.4079,0,40,0.100000
630,constante,-9.7085,0,40,0.100000
631,constante,-6.6206,0,40,0.100000
632,constante,-6.6206,0,40,0.100000
633,constante,-14.2334,0,40,0.100000
634,constante,-6.6206,0,40,0.100000
635,constante,-6.1705,0,40,0.100000
636,constante,-4.7572,0,40,0.100000
637,constante,-6.2973,0,40,0.100000
638,constante,-5.9725,0,40,0.100000
639,constante,-5.1580,0,40,0.100000
640,constante,-22.5171,0,40,0.100000
641,constante,-6.7302,0,40,0.100000
642,constante,-6.2606,0,40,0.100000
643,constante,-7.5437,0,40,0.100000
644,constante,-14.4639,0,40,0.100000
645,constante,-6.6206,0,40,0.100000
646,constante,-6.2248,0,40,0.100000
647,constante,-6.2201,0,40,0.100000
648,constante,-16.7602,0,40,0.100000
649,constante,-6.0953,0,40,0.100000
650,constante,-12.9164,0,40,0.100000
651,constante,-5.4470,0,40,0.100000
652,constante,-4.1221,0,40,0.100000
653,constante,-20.3548,0,40,0.100000
654,constante,-5.4843,0,40,0.100000
655,constante,-10.9193,0,40,0.100000
656,constante,-7.0302,0,40,0.100000
657,constante,-5.9382,0,40,0.100000
658,constante,-4.1339,0,40,0.100000
659,constante,-16.0089,0,40,0.100000
660,constante,-14.2842,0,40,0.100000
661,constante,-6.3020,0,40,0.100000
662,constante,-16.7557,0,40,0.100000
663,constante,-17.1834,0,40,0.100000
664,constante,-20.8102,0,40,0.100000
665,constante,-5.0139,0,40,0.100000
666,constante,-5.7288,0,40,0.100000
667,constante,-6.1102,0,40,0.100000
668,constante,-11.6167,0,40,0.100000
669,constante,-16.8612,0,40,0.100000
670,constante,-23.0757,0,40,0.100000
671,constante,-14.7053,0,40,0.100000
672,constante,-6.6206,0,40,0.100000
673,constante,-7.1881,0,40,0.100000
674,constante,-6.1685,0,40,0.100000
675,constante,-6.2561,0,40,0.100000
676,constante,-20.8906,0,40,0.100000
677,constante,-15.5153,0,40,0.100000
678,constante,-20.9436,0,40,0.100000
679,constante,-16.4920,0,40,0.100000
680,constante,-6.6578,0,40,0.100000
681,constante,-6.6717,0,40,0.100000
682,constante,-18.6409,0,40,0.100000
683,constante,-4.8601,0,40,0.100000
684,constante,-5.2928,0,40,0.100000
685,constante,-6.2701,0,40,0.100000
686,constante,-17.4629,0,40,0.100000
687,constante,-10.0951,0,40,0.100000
688,constante,-6.6206,0,40,0.100000
689,constante,-8.9346,0,40,0.100000
690,constante,-9.9564,0,40,0.100000
691,constante,-6.6206,0,40,0.100000
692,constante,-6.1405,0,40,0.100000
693,constante,-6.5879,0,40,0.100000
694,constante,-5.5193,0,40,0.100000
695,constante,-6.4680,0,40,0.100000
696,constante,-7.9941,0,40,0.100000
697,constante,-6.1122,0,40,0.100000
698,constante,-6.6206,0,40,0.100000
699,constante,-5.8948,0,40,0.100000
700,constante,-5.4489,0,40,0.100000
701,constante,-9.5473,0,40,0.100000
702,constante,-6.0281,0,40,0.100000
703,constante,-6.0904,0,40,0.100000
704,constante,-5.2260,0,40,0.100000
705,constante,-7.7938,0,40,0.100000
706,constante,-5.3712,0,40,0.100000
707,constante,-22.8710,0,40,0.100000
708,constante,-6.3091,0,40,0.100000
709,constante,-5.9645,0,40,0.100000
710,constante,-5.8250,0,40,0.100000
711,constante,-6.3780,0,40,0.100000
712,constante,-13.5872,0,40,0.100000
713,constante,-6.5550,0,40,0.100000
714,constante,-5.1295,0,40,0.100000
715,constante,-6.0142,0,40,0.100000
716,constante,-6.6206,0,40,0.100000
717,constante,-13.7563,0,40,0.100000
718,constante,-13.0061,0,40,0.100000
719,constante,-5.7588,0,40,0.100000
720,constante,-5.4307,0,40,0.100000
721,constante,-6.1734,0,40,0.100000
722,constante,-6.0549,0,40,0.100000
723,constante,-6.3243,0,40,0.100000
724,constante,-6.6206,0,40,0.100000
725,constante,-6.3002,0,40,0.100000
726,constante,-5.5895,0,40,0.100000
727,constante,-6.2099,0,40,0.100000
728,constante,-5.6113,0,40,0.100000
729,constante,-6.6206,0,40,0.100000
730,constante,-23.5503,0,40,0.100000
731,constante,-5.9081,0,40,0.100000
732,constante,-22.2033,0,40,0.100000
733,constante,-5.8086,0,40,0.100000
734,constante,-6.6206,0,40,0.100000
735,constante,-17.9726,0,40,0.100000
736,constante,-6.3113,0,40,0.100000
737,constante,-3.3863,0,40,0.100000
738,constante,-6.6206,0,40,0.100000
739,constante,-6.4516,0,40,0.100000
740,constante,-5.5798,0,40,0.100000
741,constante,-10.8001,0,40,0.100000
742,constante,-6.7104,0,40,0.100000
743,constante,-6.1810,0,40,0.100000
744,constante,-6.6160,0,40,0.100000
745,constante,-16.0992,0,40,0.100000
746,constante,-20.9283,0,40,0.100000
747,constante,-5.4643,0,40,0.100000
748,constante,-6.6206,0,40,0.100000
749,constante,-4.5126,0,40,0.100000
750,constante,-12.8614,0,40,0.100000
751,constante,-5.8585,0,40,0.100000
752,constante,-23.5961,0,40,0.100000
753,constante,-6.2365,0,40,0.100000
754,constante,-4.0519,0,40,0.100000
755,constante,-6.6206,0,40,0.100000
756,constante,-6.2943,0,40,0.100000
757,constante,-14.3158,0,40,0.100000
758,constante,-6.6206,0,40,0.100000
759,constante,-6.5710,0,40,0.100000
760,constante,-5.9601,0,40,0.100000
761,constante,-9.8420,0,40,0.100000
762,constante,-6.6206,0,40,0.100000
763,constante,-6.6206,0,40,0.100000
764,constante,-5.9934,0,40,0.100000
765,constante,-21.0122,0,40,0.100000
766,constante,-6.3085,0,40,0.100000
767,constante,-5.8413,0,40,0.100000
768,constante,-14.3047,0,40,0.100000
769,constante,-17.5810,0,40,0.100000
770,constante,-4.6045,0,40,0.100000
771,constante,-5.9276,0,40,0.100000
772,constante,-5.0053,0,40,0.100000
773,constante,-11.6828,0,40,0.100000
774,constante,-6.1155,0,40,0.100000
775,constante,-5.3853,0,40,0.100000
776,constante,-6.3713,0,40,0.100000
777,constante,-5.6634,0,40,0.100000
778,constante,-6.5547,0,40,0.100000
779,constante,-5.6105,0,40,0.100000
780,constante,-5.3581,0,40,0.100000
781,constante,-6.4085,0,40,0.100000
782,constante,-6.2000,0,40,0.100000
783,constante,-6.0959,0,40,0.100000
784,constante,-9.6078,0,40,0.100000
785,constante,-17.5197,0,40,0.100000
786,constante,-10.6866,0,40,0.100000
787,constante,-6.0099,0,40,0.100000
788,constante,-6.3181,0,40,0.100000
789,constante,-5.9353,0,40,0.100000
790,constante,-5.7227,0,40,0.100000
791,constante,-4.6848,0,40,0.100000
792,constante,-15.8057,0,40,0.100000
793,constante,-5.6661,0,40,0.100000
794,constante,-5.5559,0,40,0.100000
795,constante,-5.9648,0,40,0.100000
796,constante,-6.3039,0,40,0.100000
797,constante,-6.2404,0,40,0.100000
798,constante,-13.2233,0,40,0.100000
799,constante,-18.8643,0,40,0.100000
800,constante,-5.9023,0,40,0.100000
801,constante,-3.4935,0,40,0.100000
802,constante,-5.1556,0,40,0.100000
803,constante,-6.0392,0,40,0.100000
804,constante,-5.3989,0,40,0.100000
805,constante,-5.8317,0,40,0.100000
806,constante,-5.8746,0,40,0.100000
807,constante,-5.9336,0,40,0.100000
808,constante,-11.2454,0,40,0.100000
809,constante,-6.5888,0,40,0.100000
810,constante,-19.8358,0,40,0.100000
811,constante,-18.9644,0,40,0.100000
812,constante,-21.0461,0,40,0.100000
813,constante,-5.7737,0,40,0.100000
814,constante,-6.1580,0,40,0.100000
815,constante,-9.2376,0,40,0.100000
816,constante,-23.0114,0,40,0.100000
817,constante,-6.2123,0,40,0.100000
818,constante,-5.8161,0,40,0.100000
819,constante,-16.3626,0,40,0.100000
820,constante,-6.0954,0,40,0.100000
821,constante,-6.6441,0,40,0.100000
822,constante,-6.1364,0,40,0.100000
823,constante,-5.5353,0,40,0.100000
824,constante,-7.2056,0,40,0.100000
825,constante,-11.8469,0,40,0.100000
826,constante,-5.8300,0,40,0.100000
827,constante,-6.2769,0,40,0.100000
828,constante,-6.6282,0,40,0.100000
829,constante,-6.3838,0,40,0.100000
830,constante,-6.1068,0,40,0.100000
831,constante,-5.1504,0,40,0.100000
832,constante,-6.6206,0,40,0.100000
833,constante,-19.8326,0,40,0.100000
834,constante,-6.5850,0,40,0.100000
835,constante,-5.9226,0,40,0.100000
836,constante,-11.4361,0,40,0.100000
837,constante,-18.4000,0,40,0.100000
838,constante,-5.6229,0,40,0.100000
839,constante,-6.2521,0,40,0.100000
840,constante,-19.4392,0,40,0.100000
841,constante,-4.2490,0,40,0.100000
842,constante,-14.7892,0,40,0.100000
843,constante,-19.3797,0,40,0.100000
844,constante,-5.2184,0,40,0.100000
845,constante,-6.4789,0,40,0.100000
846,constante,-5.8178,0,40,0.100000
847,constante,-6.2345,0,40,0.100000
848,constante,-5.4951,0,40,0.100000
849,constante,-5.9798,0,40,0.100000
850,constante,-5.6474,0,40,0.100000
851,constante,-5.5812,0,40,0.100000
852,constante,-6.5429,0,40,0.100000
853,constante,-20.3593,0,40,0.100000
854,constante,-6.9898,0,40,0.100000
855,constante,-6.6206,0,40,0.100000
856,constante,-6.4470,0,40,0.100000
857,constante,-6.8129,0,40,0.100000
858,constante,-5.8900,0,40,0.100000
859,constante,-13.0141,0,40,0.100000
860,constante,-6.0901,0,40,0.100000
861,constante,-6.4343,0,40,0.100000
862,constante,-5.4765,0,40,0.100000
863,constante,-8.9865,0,40,0.100000
864,constante,-19.4873,0,40,0.100000
865,constante,-6.6206,0,40,0.100000
866,constante,-19.8311,0,40,0.100000
867,constante,-6.2737,0,40,0.100000
868,constante,-6.2683,0,40,0.100000
869,constante,-6.2829,0,40,0.100000
870,constante,-5.3719,0,40,0.100000
871,constante,-14.5422,0,40,0.100000
872,constante,-13.7169,0,40,0.100000
873,constante,-6.2690,0,40,0.100000
874,constante,-11.0589,0,40,0.100000
875,constante,-8.4257,0,40,0.100000
876,constante,-21.9188,0,40,0.100000
877,constante,-5.9557,0,40,0.100000
878,constante,-10.6819,0,40,0.100000
879,constante,-10.3489,0,40,0.100000
880,constante,-4.2816,0,40,0.100000
881,constante,-5.8421,0,40,0.100000
882,constante,-15.0094,0,40,0.100000
883,constante,-5.1489,0,40,0.100000
884,constante,-6.2857,0,40,0.100000
885,constante,-5.9511,0,40,0.100000
886,constante,-9.3069,0,40,0.100000
887,constante,-6.4159,0,40,0.100000
888,constante,-5.9912,0,40,0.100000
889,constante,-5.8584,0,40,0.100000
890,constante,-5.9439,0,40,0.100000
891,constante,-6.3358,0,40,0.100000
892,constante,-7.3025,0,40,0.100000
893,constante,-6.9454,0,40,0.100000
894,constante,-6.5882,0,40,0.100000
895,constante,-4.4243,0,40,0.100000
896,constante,-11.4950,0,40,0.100000
897,constante,-6.6436,0,40,0.100000
898,constante,-6.5580,0,40,0.100000
899,constante,-5.5717,0,40,0.100000
900,constante,-6.1386,0,40,0.100000
901,constante,-6.4974,0,40,0.100000
902,constante,-6.2450,0,40,0.100000
903,constante,-6.8474,0,40,0.100000
904,constante,-8.0753,0,40,0.100000
905,constante,-9.4729,0,40,0.100000
906,constante,-6.0562,0,40,0.100000
907,constante,-6.6206,0,40,0.100000
908,constante,-5.5504,0,40,0.100000
909,constante,-5.8883,0,40,0.100000
910,constante,-16.8318,0,40,0.100000
911,constante,-4.5816,0,40,0.100000
912,constante,-6.2293,0,40,0.100000
913,constante,-5.6306,0,40,0.100000
914,constante,-6.1618,0,40,0.100000
915,constante,-16.0664,0,40,0.100000
916,constante,-3.5543,0,40,0.100000
917,constante,-7.3924,0,40,0.100000
918,constante,-5.0410,0,40,0.100000
919,constante,-22.5307,0,40,0.100000
920,constante,-21.0795,0,40,0.100000
921,constante,-6.3230,0,40,0.100000
922,constante,-17.4251,0,40,0.100000
923,constante,-5.7744,0,40,0.100000
924,constante,-5.6802,0,40,0.100000
925,constante,-18.9869,0,40,0.100000
926,constante,-12.0910,0,40,0.100000
927,constante,-5.7752,0,40,0.100000
928,constante,-5.9624,0,40,0.100000
929,constante,-6.0051,0,40,0.100000
930,constante,-5.1337,0,40,0.100000
931,constante,-6.0719,0,40,0.100000
932,constante,-6.3837,0,40,0.100000
933,constante,-7.6350,0,40,0.100000
934,constante,-5.7831,0,40,0.100000
935,constante,-4.6306,0,40,0.100000
936,constante,-5.8911,0,40,0.100000
937,constante,-6.1648,0,40,0.100000
938,constante,-11.6336,0,40,0.100000
939,constante,-5.3040,0,40,0.100000
940,constante,-6.2487,0,40,0.100000
941,constante,-15.6746,0,40,0.100000
942,constante,-16.9330,0,40,0.100000
943,constante,-4.8951,0,40,0.100000
944,constante,-5.7991,0,40,0.100000
945,constante,-5.6046,0,40,0.100000
946,constante,-10.8058,0,40,0.100000
947,constante,-5.4323,0,40,0.100000
948,constante,-18.4491,0,40,0.100000
949,constante,-5.6411,0,40,0.100000
950,constante,-11.1113,0,40,0.100000
951,constante,-5.9254,0,40,0.100000
952,constante,-6.6423,0,40,0.100000
953,constante,-6.6206,0,40,0.100000
954,constante,-6.3522,0,40,0.100000
955,constante,-5.6152,0,40,0.100000
956,constante,-19.8830,0,40,0.100000
957,constante,-6.5353,0,40,0.100000
958,constante,-5.0908,0,40,0.100000
959,constante,-5.1240,0,40,0.100000
960,constante,-22.6298,0,40,0.100000
961,constante,-4.7260,0,40,0.100000
962,constante,-6.4978,0,40,0.100000
963,constante,-6.0986,0,40,0.100000
964,constante,-5.9462,0,40,0.100000
965,constante,-13.6659,0,40,0.100000
966,constante,-5.9518,0,40,0.100000
967,constante,-15.4631,0,40,0.100000
968,constante,-5.2665,0,40,0.100000
969,constante,-4.5303,0,40,0.100000
970,constante,-5.0225,0,40,0.100000
971,constante,-5.9783,0,40,0.100000
972,constante,-6.6206,0,40,0.100000
973,constante,-6.4288,0,40,0.100000
974,constante,-6.6206,0,40,0.100000
975,constante,-6.1562,0,40,0.100000
976,constante,-5.4691,0,40,0.100000
977,constante,-15.7629,0,40,0.100000
978,constante,-14.2113,0,40,0.100000
979,constante,-5.6747,0,40,0.100000
980,constante,-5.9571,0,40,0.100000
981,constante,-9.6906,0,40,0.100000
982,constante,-6.1716,0,40,0.100000
983,constante,-7.1009,0,40,0.100000
984,constante,-6.5810,0,40,0.100000
985,constante,-5.6364,0,40,0.100000
986,constante,-6.5658,0,40,0.100000
987,constante,-6.6206,0,40,0.100000
988,constante,-17.9568,0,40,0.100000
989,constante,-8.0763,0,40,0.100000
990,constante,-19.3939,0,40,0.100000
991,constante,-6.5006,0,40,0.100000
992,constante,-4.5826,0,40,0.100000
993,constante,-13.1577,0,40,0.100000
994,constante,-5.2441,0,40,0.100000
995,constante,-6.3766,0,40,0.100000
996,constante,-6.4237,0,40,0.100000
997,constante,-17.6570,0,40,0.100000
998,constante,-5.9991,0,40,0.100000
999,constante,-6.2871,0,40,0.100000
1000,constante,-5.9806,0,40,0.100000
1001,constante,-6.1355,0,40,0.100000
1002,constante,-16.6836,0,40,0.100000
1003,constante,-5.4904,0,40,0.100000
1004,constante,-6.4303,0,40,0.100000
1005,constante,-19.3634,0,40,0.100000
1006,constante,-12.0687,0,40,0.100000
1007,constante,-21.3861,0,40,0.100000
1008,constante,-16.5114,0,40,0.100000
1009,constante,-16.3175,0,40,0.100000
1010,constante,-6.6206,0,40,0.100000
1011,constante,-23.5038,0,40,0.100000
1012,constante,-5.7514,0,40,0.100000
1013,constante,-10.7603,0,40,0.100000
1014,constante,-6.2809,0,40,0.100000
1015,constante,-6.2587,0,40,0.100000
1016,constante,-5.2824,0,40,0.100000
1017,constante,-6.6641,0,40,0.100000
1018,constante,-5.7579,0,40,0.100000
1019,constante,-15.1033,0,40,0.100000
1020,constante,-6.1929,0,40,0.100000
1021,constante,-13.2079,0,40,0.100000
1022,constante,-6.5758,0,40,0.100000
1023,constante,-6.9174,0,40,0.100000
1024,constante,-15.5605,0,40,0.100000
1025,constante,-10.7791,0,40,0.100000
1026,constante,-6.6206,0,40,0.100000
1027,constante,-5.9820,0,40,0.100000
1028,constante,-12.6620,0,40,0.100000
1029,constante,-5.7963,0,40,0.100000
1030,constante,-6.2353,0,40,0.100000
1031,constante,-6.6206,0,40,0.100000
1032,constante,-21.4201,0,40,0.100000
1033,constante,-5.9438,0,40,0.100000
1034,constante,-6.5151,0,40,0.100000
1035,constante,-14.3266,0,40,0.100000
1036,constante,-4.6509,0,40,0.100000
1037,constante,-7.1907,0,40,0.100000
1038,constante,-5.5411,0,40,0.100000
1039,constante,-6.3683,0,40,0.100000
1040,constante,-6.0138,0,40,0.100000
1041,constante,-4.8621,0,40,0.100000
1042,constante,-6.1586,0,40,0.100000
1043,constante,-5.2280,0,40,0.100000
1044,constante,-5.7517,0,40,0.100000
1045,constante,-5.8433,0,40,0.100000
1046,constante,-6.3010,0,40,0.100000
1047,constante,-6.3534,0,40,0.100000
1048,constante,-13.5427,0,40,0.100000
1049,constante,-9.4847,0,40,0.100000
1050,constante,-23.1609,0,40,0.100000
1051,constante,-6.6206,0,40,0.100000
1052,constante,-5.2881,0,40,0.100000
1053,constante,-20.5160,0,40,0.100000
1054,constante,-5.9433,0,40,0.100000
1055,constante,-6.2205,0,40,0.100000
1056,constante,-6.5735,0,40,0.100000
1057,constante,-6.6935,0,40,0.100000
1058,constante,-6.5986,0,40,0.100000
1059,constante,-20.4523,0,40,0.100000
1060,constante,-6.6144,0,40,0.100000
1061,constante,-5.9539,0,40,0.100000
1062,constante,-12.1185,0,40,0.100000
1063,constante,-17.1870,0,40,0.100000
1064,constante,-6.1907,0,40,0.100000
1065,constante,-13.4700,0,40,0.100000
1066,constante,-4.9139,0,40,0.100000
1067,constante,-19.9430,0,40,0.100000
1068,constante,-18.4029,0,40,0.100000
1069,constante,-6.6206,0,40,0.100000
1070,constante,-6.6206,0,40,0.100000
1071,constante,-6.6206,0,40,0.100000
1072,constante,-6.1528,0,40,0.100000
1073,constante,-20.3826,0,40,0.100000
1074,constante,-6.3139,0,40,0.100000
1075,constante,-5.1095,0,40,0.100000
1076,constante,-22.9522,0,40,0.100000
1077,constante,-4.7638,0,40,0.100000
1078,constante,-5.1556,0,40,0.100000
1079,constante,-13.1988,0,40,0.100000
1080,constante,-5.1539,0,40,0.100000
1081,constante,-4.6708,0,40,0.100000
1082,constante,-6.1670,0,40,0.100000
1083,constante,-11.3843,0,40,0.100000
1084,constante,-5.6709,0,40,0.100000
1085,constante,-6.3442,0,40,0.100000
1086,constante,-4.2463,0,40,0.100000
1087,constante,-11.0844,0,40,0.100000
1088,constante,-20.6809,0,40,0.100000
1089,constante,-6.7099,0,40,0.100000
1090,constante,-6.6206,0,40,0.100000
1091,constante,-4.3811,0,40,0.100000
1092,constante,-5.9258,0,40,0.100000
1093,constante,-9.4411,0,40,0.100000
1094,constante,-12.5312,0,40,0.100000
1095,constante,-7.2118,0,40,0.100000
1096,constante,-4.5937,0,40,0.100000
1097,constante,-5.3596,0,40,0.100000
1098,constante,-14.8248,0,40,0.100000
1099,constante,-5.9806,0,40,0.100000
1100,constante,-5.4822,0,40,0.100000
1101,constante,-6.6206,0,40,0.100000
1102,constante,-19.4438,0,40,0.100000
1103,constante,-6.2876,0,40,0.100000
1104,constante,-5.9094,0,40,0.100000
1105,constante,-6.2975,0,40,0.100000
1106,constante,-6.6122,0,40,0.100000
1107,constante,-18.5674,0,40,0.100000
1108,constante,-4.4185,0,40,0.100000
1109,constante,-6.6206,0,40,0.100000
1110,constante,-15.5855,0,40,0.100000
1111,constante,-5.0611,0,40,0.100000
1112,constante,-5.0762,0,40,0.100000
1113,constante,-5.1634,0,40,0.100000
1114,constante,-18.0606,0,40,0.100000
1115,constante,-15.4182,0,40,0.100000
1116,constante,-14.6718,0,40,0.100000
1117,constante,-6.6079,0,40,0.100000
1118,constante,-6.5594,0,40,0.100000
1119,constante,-7.1931,0,40,0.100000
1120,constante,-6.6137,0,40,0.100000
1121,constante,-6.5400,0,40,0.100000
1122,constante,-5.5561,0,40,0.100000
1123,constante,-17.2780,0,40,0.100000
1124,constante,-13.2958,0,40,0.100000
1125,constante,-23.0391,0,40,0.100000
1126,constante,-6.6206,0,40,0.100000
1127,constante,-10.2391,0,40,0.100000
1128,constante,-6.0909,0,40,0.100000
1129,constante,-6.6524,0,40,0.100000
1130,constante,-15.3060,0,40,0.100000
1131,constante,-6.1304,0,40,0.100000
1132,constante,-5.1390,0,40,0.100000
1133,constante,-17.5618,0,40,0.100000
1134,constante,-5.8377,0,40,0.100000
1135,constante,-6.3703,0,40,0.100000
1136,constante,-6.6206,0,40,0.100000
1137,constante,-5.3290,0,40,0.100000
1138,constante,-4.3155,0,40,0.100000
1139,constante,-6.6206,0,40,0.100000
1140,constante,-6.5326,0,40,0.100000
1141,constante,-6.6206,0,40,0.100000
1142,constante,-5.8754,0,40,0.100000
1143,constante,-11.1733,0,40,0.100000
1144,constante,-6.6206,0,40,0.100000
1145,constante,-9.7942,0,40,0.100000
1146,constante,-6.6206,0,40,0.100000
1147,constante,-4.5948,0,40,0.100000
1148,constante,-6.6206,0,40,0.100000
1149,constante,-6.2484,0,40,0.100000
1150,constante,-6.6206,0,40,0.100000
1151,constante,-6.4088,0,40,0.100000
1152,constante,-6.6163,0,40,0.100000
1153,constante,-6.6206,0,40,0.100000
1154,constante,-6.3517,0,40,0.100000
1155,constante,-5.4299,0,40,0.100000
1156,constante,-6.5753,0,40,0.100000
1157,constante,-6.6224,0,40,0.100000
1158,constante,-14.2029,0,40,0.100000
1159,constante,-22.6489,0,40,0.100000
1160,constante,-4.7887,0,40,0.100000
1161,constante,-18.3138,0,40,0.100000
1162,constante,-6.2355,0,40,0.100000
1163,constante,-6.0479,0,40,0.100000
1164,constante,-5.5988,0,40,0.100000
1165,constante,-7.8493,0,40,0.100000
1166,constante,-6.6206,0,40,0.100000
1167,constante,-4.3287,0,40,0.100000
1168,constante,-6.6206,0,40,0.100000
1169,constante,-10.3332,0,40,0.100000
1170,constante,-5.4247,0,40,0.100000
1171,constante,-21.1999,0,40,0.100000
1172,constante,-10.6670,0,40,0.100000
1173,constante,-10.6036,0,40,0.100000
1174,constante,-19.0636,0,40,0.100000
1175,constante,-5.9192,0,40,0.100000
1176,constante,-19.0333,0,40,0.100000
1177,constante,-5.9659,0,40,0.100000
1178,constante,-6.0981,0,40,0.100000
1179,constante,-3.8843,0,40,0.100000
1180,constante,-6.3344,0,40,0.100000
1181,constante,-4.1299,0,40,0.100000
1182,constante,-6.2680,0,40,0.100000
1183,constante,-5.5656,0,40,0.100000
1184,constante,-6.3727,0,40,0.100000
1185,constante,-4.6828,0,40,0.100000
1186,constante,-5.8745,0,40,0.100000
1187,constante,-6.2684,0,40,0.100000
1188,constante,-6.6206,0,40,0.100000
1189,constante,-18.0294,0,40,0.100000
1190,constante,-5.8962,0,40,0.100000
1191,constante,-15.0744,0,40,0.100000
1192,constante,-5.4543,0,40,0.100000
1193,constante,-6.5000,0,40,0.100000
1194,constante,-5.7157,0,40,0.100000
1195,constante,-15.2225,0,40,0.100000
1196,constante,-5.3085,0,40,0.100000
1197,constante,-4.8632,0,40,0.100000
1198,constante,-6.6628,0,40,0.100000
1199,constante,-5.7052,0,40,0.100000
1200,constante,-20.2659,0,40,0.100000
1201,constante,-6.0275,0,40,0.100000
1202,constante,-5.9263,0,40,0.100000
1203,constante,-17.5989,0,40,0.100000
1204,constante,-5.6879,0,40,0.100000
1205,constante,-6.1724,0,40,0.100000
1206,constante,-6.1973,0,40,0.100000
1207,constante,-16.6799,0,40,0.100000
1208,constante,-8.0576,0,40,0.100000
1209,constante,-5.7422,0,40,0.100000
1210,constante,-6.0901,0,40,0.100000
1211,constante,-6.6249,0,40,0.100000
1212,constante,-6.2417,0,40,0.100000
1213,constante,-6.6529,0,40,0.100000
1214,constante,-9.8685,0,40,0.100000
1215,constante,-13.2048,0,40,0.100000
1216,constante,-11.2657,0,40,0.100000
1217,constante,-6.5095,0,40,0.100000
1218,constante,-11.1580,0,40,0.100000
1219,constante,-6.1582,0,40,0.100000
1220,constante,-4.5816,0,40,0.100000
1221,constante,-6.1370,0,40,0.100000
1222,constante,-17.1558,0,40,0.100000
1223,constante,-6.6206,0,40,0.100000
1224,constante,-22.9805,0,40,0.100000
1225,constante,-6.2071,0,40,0.100000
1226,constante,-9.3163,0,40,0.100000
1227,constante,-14.4109,0,40,0.100000
1228,constante,-18.0144,0,40,0.100000
1229,constante,-6.6206,0,40,0.100000
1230,constante,-6.3297,0,40,0.100000
1231,constante,-15.5615,0,40,0.100000
1232,constante,-9.3486,0,40,0.100000
1233,constante,-22.3130,0,40,0.100000
1234,constante,-6.3116,0,40,0.100000
1235,constante,-5.3758,0,40,0.100000
1236,constante,-5.0151,0,40,0.100000
1237,constante,-17.9365,0,40,0.100000
1238,constante,-11.4319,0,40,0.100000
1239,constante,-6.4124,0,40,0.100000
1240,constante,-5.9328,0,40,0.100000
1241,constante,-6.5270,0,40,0.100000
1242,constante,-6.1776,0,40,0.100000
1243,constante,-6.2736,0,40,0.100000
1244,constante,-13.8575,0,40,0.100000
1245,constante,-10.7809,0,40,0.100000
1246,constante,-6.6367,0,40,0.100000
1247,constante,-19.6201,0,40,0.100000
1248,constante,-10.5382,0,40,0.100000
1249,constante,-6.6206,0,40,0.100000
1250,constante,-14.1623,0,40,0.100000
1251,constante,-6.6206,0,40,0.100000
1252,constante,-19.1128,0,40,0.100000
1253,constante,-6.7238,0,40,0.100000
1254,constante,-18.7586,0,40,0.100000
1255,constante,-15.3792,0,40,0.100000
1256,constante,-5.9756,0,40,0.100000
1257,constante,-7.7266,0,40,0.100000
1258,constante,-11.9740,0,40,0.100000
1259,constante,-7.6398,0,40,0.100000
1260,constante,-6.1254,0,40,0.100000
1261,constante,-6.0085,0,40,0.100000
1262,constante,-5.8948,0,40,0.100000
1263,constante,-12.2487,0,40,0.100000
1264,constante,-16.1096,0,40,0.100000
1265,constante,-21.7265,0,40,0.100000
1266,constante,-5.7848,0,40,0.100000
1267,constante,-5.4284,0,40,0.100000
1268,constante,-12.3368,0,40,0.100000
1269,constante,-19.3733,0,40,0.100000
1270,constante,-19.0726,0,40,0.100000
1271,constante,-4.2964,0,40,0.100000
1272,constante,-6.0380,0,40,0.100000
1273,constante,-6.0476,0,40,0.100000
1274,constante,-6.6206,0,40,0.100000
1275,constante,-11.6196,0,40,0.100000
1276,constante,-9.1872,0,40,0.100000
1277,constante,-5.7949,0,40,0.100000
1278,constante,-6.6206,0,40,0.100000
1279,constante,-4.2879,0,40,0.100000
1280,constante,-4.8366,0,40,0.100000
1281,constante,-5.7186,0,40,0.100000
1282,constante,-6.6206,0,40,0.100000
1283,constante,-6.6206,0,40,0.100000
1284,constante,-9.7922,0,40,0.100000
1285,constante,-9.8035,0,40,0.100000
1286,constante,-6.2096,0,40,0.100000
1287,constante,-14.5754,0,40,0.100000
1288,constante,-6.2754,0,40,0.100000
1289,constante,-23.8856,0,40,0.100000
1290,constante,-5.8968,0,40,0.100000
1291,constante,-6.8657,0,40,0.100000
1292,constante,-16.0350,0,40,0.100000
1293,constante,-18.7951,0,40,0.100000
1294,constante,-5.7494,0,40,0.100000
1295,constante,-5.8021,0,40,0.100000
1296,constante,-5.7602,0,40,0.100000
1297,constante,-5.6812,0,40,0.100000
1298,constante,-6.5019,0,40,0.100000
1299,constante,-6.6206,0,40,0.100000
1300,constante,-19.3739,0,40,0.100000
1301,constante,-7.1869,0,40,0.100000
1302,constante,-6.0870,0,40,0.100000
1303,constante,-5.3500,0,40,0.100000
1304,constante,-3.5389,0,40,0.100000
1305,constante,-20.0409,0,40,0.100000
1306,constante,-17.9770,0,40,0.100000
1307,constante,-5.8634,0,40,0.100000
1308,constante,-12.7465,0,40,0.100000
1309,constante,-6.6070,0,40,0.100000
1310,constante,-5.9208,0,40,0.100000
1311,constante,-14.4784,0,40,0.100000
1312,constante,-6.3667,0,40,0.100000
1313,constante,-6.3176,0,40,0.100000
1314,constante,-5.1124,0,40,0.100000
1315,constante,-6.2560,0,40,0.100000
1316,constante,-5.7882,0,40,0.100000
1317,constante,-5.5357,0,40,0.100000
1318,constante,-16.7865,0,40,0.100000
1319,constante,-6.0666,0,40,0.100000
1320,constante,-20.2631,0,40,0.100000
1321,constante,-18.9660,0,40,0.100000
1322,constante,-8.3597,0,40,0.100000
1323,constante,-5.5176,0,40,0.100000
1324,constante,-6.6049,0,40,0.100000
1325,constante,-5.9917,0,40,0.100000
1326,constante,-6.6206,0,40,0.100000
1327,constante,-5.4429,0,40,0.100000
1328,constante,-14.7730,0,40,0.100000
1329,constante,-9.1264,0,40,0.100000
1330,constante,-6.3912,0,40,0.100000
1331,constante,-5.6181,0,40,0.100000
1332,constante,-6.3884,0,40,0.100000
1333,constante,-14.2856,0,40,0.100000
1334,constante,-4.6488,0,40,0.100000
1335,constante,-7.1793,0,40,0.100000
1336,constante,-6.3884,0,40,0.100000
1337,constante,-13.1457,0,40,0.100000
1338,constante,-8.8157,0,40,0.100000
1339,constante,-22.7103,0,40,0.100000
1340,constante,-6.6206,0,40,0.100000
1341,constante,-16.5894,0,40,0.100000
1342,constante,-7.1046,0,40,0.100000
1343,constante,-6.6958,0,40,0.100000
1344,constante,-6.0177,0,40,0.100000
1345,constante,-11.1021,0,40,0.100000
1346,constante,-6.9474,0,40,0.100000
1347,constante,-16.7625,0,40,0.100000
1348,constante,-14.0354,0,40,0.100000
1349,constante,-5.3553,0,40,0.100000
1350,constante,-5.5885,0,40,0.100000
1351,constante,-8.8010,0,40,0.100000
1352,constante,-17.7788,0,40,0.100000
1353,constante,-6.2664,0,40,0.100000
1354,constante,-5.8394,0,40,0.100000
1355,constante,-6.6206,0,40,0.100000
1356,constante,-11.7291,0,40,0.100000
1357,constante,-5.8969,0,40,0.100000
1358,constante,-6.2250,0,40,0.100000
1359,constante,-11.3301,0,40,0.100000
1360,constante,-6.3074,0,40,0.100000
1361,constante,-5.7460,0,40,0.100000
1362,constante,-18.6262,0,40,0.100000
1363,constante,-6.0630,0,40,0.100000
1364,constante,-8.3684,0,40,0.100000
1365,constante,-5.6719,0,40,0.100000
1366,constante,-6.3786,0,40,0.100000
1367,constante,-18.1957,0,40,0.100000
1368,constante,-19.9667,0,40,0.100000
1369,constante,-6.4238,0,40,0.100000
1370,constante,-6.4279,0,40,0.100000
1371,constante,-6.6206,0,40,0.100000
1372,constante,-6.3291,0,40,0.100000
1373,constante,-5.8720,0,40,0.100000
1374,constante,-17.3555,0,40,0.100000
1375,constante,-6.6605,0,40,0.100000
1376,constante,-22.5092,0,40,0.100000
1377,constante,-18.4611,0,40,0.100000
1378,constante,-7.9115,0,40,0.100000
1379,constante,-22.1841,0,40,0.100000
1380,constante,-14.8233,0,40,0.100000
1381,constante,-5.1740,0,40,0.100000
1382,constante,-16.3540,0,40,0.100000
1383,constante,-6.3104,0,40,0.100000
1384,constante,-6.6059,0,40,0.100000
1385,constante,-4.6794,0,40,0.100000
1386,constante,-6.0387,0,40,0.100000
1387,constante,-8.8304,0,40,0.100000
1388,constante,-12.1023,0,40,0.100000
1389,constante,-5.5263,0,40,0.100000
1390,constante,-6.0229,0,40,0.100000
1391,constante,-5.8780,0,40,0.100000
1392,constante,-6.0164,0,40,0.100000
1393,constante,-6.4188,0,40,0.100000
1394,constante,-6.1071,0,40,0.100000
1395,constante,-6.1594,0,40,0.100000
1396,constante,-5.4387,0,40,0.100000
1397,constante,-6.1912,0,40,0.100000
1398,constante,-4.0091,0,40,0.100000
1399,constante,-4.3407,0,40,0.100000
1400,constante,-11.5935,0,40,0.100000
1401,constante,-6.0465,0,40,0.100000
1402,constante,-5.5306,0,40,0.100000
1403,constante,-6.6206,0,40,0.100000
1404,constante,-15.9457,0,40,0.100000
1405,constante,-6.6206,0,40,0.100000
1406,constante,-13.2938,0,40,0.100000
1407,constante,-18.8659,0,40,0.100000
1408,constante,-16.4318,0,40,0.100000
1409,constante,-5.0965,0,40,0.100000
1410,constante,-4.9979,0,40,0.100000
1411,constante,-20.5816,0,40,0.100000
1412,constante,-5.9358,0,40,0.100000
1413,constante,-4.5295,0,40,0.100000
1414,constante,-11.2261,0,40,0.100000
1415,constante,-4.2486,0,40,0.100000
1416,constante,-5.8685,0,40,0.100000
1417,constante,-4.0614,0,40,0.100000
1418,constante,-6.5414,0,40,0.100000
1419,constante,-6.2409,0,40,0.100000
1420,constante,-5.1495,0,40,0.100000
1421,constante,-14.5085,0,40,0.100000
1422,constante,-6.4996,0,40,0.100000
1423,constante,-10.9361,0,40,0.100000
1424,constante,-5.8223,0,40,0.100000
1425,constante,-16.7844,0,40,0.100000
1426,constante,-18.3510,0,40,0.100000
1427,constante,-5.1879,0,40,0.100000
1428,constante,-4.3226,0,40,0.100000
1429,constante,-5.1720,0,40,0.100000
1430,constante,-6.6206,0,40,0.100000
1431,constante,-6.2633,0,40,0.100000
1432,constante,-14.4885,0,40,0.100000
1433,constante,-22.5538,0,40,0.100000
1434,constante,-5.7983,0,40,0.100000
1435,constante,-5.9069,0,40,0.100000
1436,constante,-5.6431,0,40,0.100000
1437,constante,-23.1421,0,40,0.100000
1438,constante,-6.2433,0,40,0.100000
1439,constante,-6.6206,0,40,0.100000
1440,constante,-18.8770,0,40,0.100000
1441,constante,-6.1258,0,40,0.100000
1442,constante,-6.4448,0,40,0.100000
1443,constante,-6.1416,0,40,0.100000
1444,constante,-5.6954,0,40,0.100000
1445,constante,-6.4339,0,40,0.100000
1446,constante,-22.2581,0,40,0.100000
1447,constante,-14.2733,0,40,0.100000
1448,constante,-10.0286,0,40,0.100000
1449,constante,-5.9170,0,40,0.100000
1450,constante,-21.5773,0,40,0.100000
1451,constante,-6.3875,0,40,0.100000
1452,constante,-10.7833,0,40,0.100000
1453,constante,-6.2451,0,40,0.100000
1454,constante,-8.8785,0,40,0.100000
1455,constante,-6.6757,0,40,0.100000
1456,constante,-6.6206,0,40,0.100000
1457,constante,-5.2145,0,40,0.100000
1458,constante,-3.8635,0,40,0.100000
1459,constante,-6.1149,0,40,0.100000
1460,constante,-5.7691,0,40,0.100000
1461,constante,-5.4114,0,40,0.100000
1462,constante,-11.2594,0,40,0.100000
1463,constante,-16.7940,0,40,0.100000
1464,constante,-6.5300,0,40,0.100000
1465,constante,-3.8074,0,40,0.100000
1466,constante,-5.2148,0,40,0.100000
1467,constante,-5.8015,0,40,0.100000
1468,constante,-5.2126,0,40,0.100000
1469,constante,-19.3586,0,40,0.100000
1470,constante,-6.3763,0,40,0.100000
1471,constante,-5.9415,0,40,0.100000
1472,constante,-16.7409,0,40,0.100000
1473,constante,-16.1350,0,40,0.100000
1474,constante,-12.2467,0,40,0.100000
1475,constante,-5.3277,0,40,0.100000
1476,constante,-15.6847,0,40,0.100000
1477,constante,-16.6855,0,40,0.100000
1478,constante,-5.4467,0,40,0.100000
1479,constante,-5.5168,0,40,0.100000
1480,constante,-5.6724,0,40,0.100000
1481,constante,-20.0274,0,40,0.100000
1482,constante,-4.9856,0,40,0.100000
1483,constante,-6.2468,0,40,0.100000
1484,constante,-6.6206,0,40,0.100000
1485,constante,-6.6206,0,40,0.100000
1486,constante,-20.2790,0,40,0.100000
1487,constante,-5.7131,0,40,0.100000
1488,constante,-15.4252,0,40,0.100000
1489,constante,-5.8506,0,40,0.100000
1490,constante,-6.3694,0,40,0.100000
1491,constante,-6.2186,0,40,0.100000
1492,constante,-6.2733,0,40,0.100000
1493,constante,-6.0947,0,40,0.100000
1494,constante,-15.2809,0,40,0.100000
1495,constante,-5.6203,0,40,0.100000
1496,constante,-6.2110,0,40,0.100000
1497,constante,-6.3315,0,40,0.100000
1498,constante,-5.0331,0,40,0.100000
1499,constante,-19.6820,0,40,0.100000
1500,constante,-5.3916,0,40,0.100000
1501,constante,-6.6458,0,40,0.100000
1502,constante,-5.4361,0,40,0.100000
1503,constante,-6.0756,0,40,0.100000
1504,constante,-6.0739,0,40,0.100000
1505,constante,-18.6515,0,40,0.100000
1506,constante,-13.4543,0,40,0.100000
1507,constante,-6.6010,0,40,0.100000
1508,constante,-6.6206,0,40,0.100000
1509,constante,-5.7441,0,40,0.100000
1510,constante,-20.7221,0,40,0.100000
1511,constante,-6.6206,0,40,0.100000
1512,constante,-4.7909,0,40,0.100000
1513,constante,-6.6181,0,40,0.100000
1514,constante,-6.6206,0,40,0.100000
1515,constante,-6.3632,0,40,0.100000
1516,constante,-4.9448,0,40,0.100000
1517,constante,-6.3533,0,40,0.100000
1518,constante,-23.5487,0,40,0.100000
1519,constante,-15.2977,0,40,0.100000
1520,constante,-5.2932,0,40,0.100000
1521,constante,-17.6056,0,40,0.100000
1522,constante,-6.6206,0,40,0.100000
1523,constante,-6.1077,0,40,0.100000
1524,constante,-14.7746,0,40,0.100000
1525,constante,-6.6206,0,40,0.100000
1526,constante,-6.3835,0,40,0.100000
1527,constante,-5.5199,0,40,0.100000
1528,constante,-11.9009,0,40,0.100000
1529,constante,-13.8410,0,40,0.100000
1530,constante,-21.2664,0,40,0.100000
1531,constante,-5.6963,0,40,0.100000
1532,constante,-5.5316,0,40,0.100000
1533,constante,-6.2445,0,40,0.100000
1534,constante,-22.7760,0,40,0.100000
1535,constante,-22.1279,0,40,0.100000
1536,constante,-12.9773,0,40,0.100000
1537,constante,-5.7785,0,40,0.100000
1538,constante,-21.0089,0,40,0.100000
1539,constante,-6.4254,0,40,0.100000
1540,constante,-5.9841,0,40,0.100000
1541,constante,-6.2648,0,40,0.100000
1542,constante,-23.1040,0,40,0.100000
1543,constante,-5.7368,0,40,0.100000
1544,constante,-4.7120,0,40,0.100000
1545,constante,-5.7610,0,40,0.100000
1546,constante,-6.0867,0,40,0.100000
1547,constante,-6.6421,0,40,0.100000
1548,constante,-19.0655,0,40,0.100000
1549,constante,-5.0157,0,40,0.100000
1550,constante,-9.8101,0,40,0.100000
1551,constante,-6.3330,0,40,0.100000
1552,constante,-6.2658,0,40,0.100000
1553,constante,-6.2097,0,40,0.100000
1554,constante,-5.5275,0,40,0.100000
1555,constante,-6.2532,0,40,0.100000
1556,constante,-6.1095,0,40,0.100000
1557,constante,-6.1328,0,40,0.100000
1558,constante,-6.6076,0,40,0.100000
1559,constante,-5.3880,0,40,0.100000
1560,constante,-6.5026,0,40,0.100000
1561,constante,-6.0403,0,40,0.100000
1562,constante,-6.6669,0,40,0.100000
1563,constante,-19.1003,0,40,0.100000
1564,constante,-1.7669,0,40,0.100000
1565,constante,-5.4542,0,40,0.100000
1566,constante,-16.0418,0,40,0.100000
1567,constante,-6.3909,0,40,0.100000
1568,constante,-6.6206,0,40,0.100000
1569,constante,-10.0726,0,40,0.100000
1570,constante,-4.7363,0,40,0.100000
1571,constante,-6.6206,0,40,0.100000
1572,constante,-5.3071,0,40,0.100000
1573,constante,-5.9370,0,40,0.100000
1574,constante,-6.6206,0,40,0.100000
1575,constante,-6.6206,0,40,0.100000
1576,constante,-6.1211,0,40,0.100000
1577,constante,-5.8376,0,40,0.100000
1578,constante,-6.6206,0,40,0.100000
1579,constante,-16.9948,0,40,0.100000
1580,constante,-6.1041,0,40,0.100000
1581,constante,-6.4073,0,40,0.100000
1582,constante,-5.8985,0,40,0.100000
1583,constante,-18.1399,0,40,0.100000
1584,constante,-6.5622,0,40,0.100000
1585,constante,-10.9486,0,40,0.100000
1586,constante,-22.8214,0,40,0.100000
1587,constante,-6.1256,0,40,0.100000
1588,constante,-5.5674,0,40,0.100000
1589,constante,-13.4825,0,40,0.100000
1590,constante,-6.2388,0,40,0.100000
1591,constante,-21.3367,0,40,0.100000
1592,constante,-6.6206,0,40,0.100000
1593,constante,-21.9226,0,40,0.100000
1594,constante,-12.7091,0,40,0.100000
1595,constante,-6.5279,0,40,0.100000
1596,constante,-6.7523,0,40,0.100000
1597,constante,-4.4727,0,40,0.100000
1598,constante,-5.5259,0,40,0.100000
1599,constante,-7.0061,0,40,0.100000
1600,constante,-4.1184,0,40,0.100000
1601,constante,-5.8156,0,40,0.100000
1602,constante,-18.6105,0,40,0.100000
1603,constante,-15.9428,0,40,0.100000
1604,constante,-6.1426,0,40,0.100000
1605,constante,-4.9207,0,40,0.100000
1606,constante,-6.4197,0,40,0.100000
1607,constante,-22.3821,0,40,0.100000
1608,constante,-5.5059,0,40,0.100000
1609,constante,-6.6206,0,40,0.100000
1610,constante,-7.1109,0,40,0.100000
1611,constante,-6.3051,0,40,0.100000
1612,constante,-6.6025,0,40,0.100000
1613,constante,-6.6206,0,40,0.100000
1614,constante,-4.9995,0,40,0.100000
1615,constante,-5.7242,0,40,0.100000
1616,constante,-5.9184,0,40,0.100000
1617,constante,-6.2709,0,40,0.100000
1618,constante,-6.1908,0,40,0.100000
1619,constante,-6.4339,0,40,0.100000
1620,constante,-6.6206,0,40,0.100000
1621,constante,-6.6206,0,40,0.100000
1622,constante,-5.4647,0,40,0.100000
1623,constante,-6.5342,0,40,0.100000
1624,constante,-5.3658,0,40,0.100000
1625,constante,-6.0251,0,40,0.100000
1626,constante,-6.6206,0,40,0.100000
1627,constante,-6.0639,0,40,0.100000
1628,constante,-21.2493,0,40,0.100000
1629,constante,-6.3452,0,40,0.100000
1630,constante,-6.6206,0,40,0.100000
1631,constante,-5.7936,0,40,0.100000
1632,constante,-4.9475,0,40,0.100000
1633,constante,-5.9275,0,40,0.100000
1634,constante,-6.5497,0,40,0.100000
1635,constante,-16.4197,0,40,0.100000
1636,constante,-8.3435,0,40,0.100000
1637,constante,-16.0254,0,40,0.100000
1638,constante,-4.9111,0,40,0.100000
1639,constante,-6.6206,0,40,0.100000
1640,constante,-5.6397,0,40,0.100000
1641,constante,-6.6206,0,40,0.100000
1642,constante,-5.1621,0,40,0.100000
1643,constante,-15.7517,0,40,0.100000
1644,constante,-19.2664,0,40,0.100000
1645,constante,-5.9195,0,40,0.100000
1646,constante,-5.3261,0,40,0.100000
1647,constante,-5.4800,0,40,0.100000
1648,constante,-14.4285,0,40,0.100000
1649,constante,-6.6035,0,40,0.100000
1650,constante,-5.4071,0,40,0.100000
1651,constante,-5.7668,0,40,0.100000
1652,constante,-12.3987,0,40,0.100000
1653,constante,-5.4595,0,40,0.100000
1654,constante,-6.6206,0,40,0.100000
1655,constante,-4.9440,0,40,0.100000
1656,constante,-6.3987,0,40,0.100000
1657,constante,-6.2448,0,40,0.100000
1658,constante,-6.0646,0,40,0.100000
1659,constante,-6.6206,0,40,0.100000
1660,constante,-6.6206,0,40,0.100000
1661,constante,-15.0583,0,40,0.100000
1662,constante,-6.2970,0,40,0.100000
1663,constante,-6.3006,0,40,0.100000
1664,constante,-6.2690,0,40,0.100000
1665,constante,-6.1687,0,40,0.100000
1666,constante,-6.2301,0,40,0.100000
1667,constante,-5.9341,0,40,0.100000
1668,constante,-6.1359,0,40,0.100000
1669,constante,-20.3458,0,40,0.100000
1670,constante,-5.6878,0,40,0.100000
1671,constante,-6.7039,0,40,0.100000
1672,constante,-5.5646,0,40,0.100000
1673,constante,-14.3614,0,40,0.100000
1674,constante,-5.3742,0,40,0.100000
1675,constante,-17.7440,0,40,0.100000
1676,constante,-6.3896,0,40,0.100000
1677,constante,-6.1976,0,40,0.100000
1678,constante,-11.5536,0,40,0.100000
1679,constante,-6.1722,0,40,0.100000
1680,constante,-6.1072,0,40,0.100000
1681,constante,-8.3685,0,40,0.100000
1682,constante,-5.3463,0,40,0.100000
1683,constante,-6.0396,0,40,0.100000
1684,constante,-5.6746,0,40,0.100000
1685,constante,-10.2676,0,40,0.100000
1686,constante,-5.1420,0,40,0.100000
1687,constante,-18.7357,0,40,0.100000
1688,constante,-6.6475,0,40,0.100000
1689,constante,-6.6170,0,40,0.100000
1690,constante,-6.4633,0,40,0.100000
1691,constante,-5.9210,0,40,0.100000
1692,constante,-6.1549,0,40,0.100000
1693,constante,-6.8268,0,40,0.100000
1694,constante,-6.6206,0,40,0.100000
1695,constante,-6.3449,0,40,0.100000
1696,constante,-5.1384,0,40,0.100000
1697,constante,-6.9411,0,40,0.100000
1698,constante,-17.3193,0,40,0.100000
1699,constante,-6.6206,0,40,0.100000
1700,constante,-5.8589,0,40,0.100000
1701,constante,-6.6206,0,40,0.100000
1702,constante,-5.4785,0,40,0.100000
1703,constante,-7.6124,0,40,0.100000
1704,constante,-6.5638,0,40,0.100000
1705,constante,-5.3512,0,40,0.100000
1706,constante,-6.4031,0,40,0.100000
1707,constante,-5.0028,0,40,0.100000
1708,constante,-5.3028,0,40,0.100000
1709,constante,-6.6206,0,40,0.100000
1710,constante,-5.5257,0,40,0.100000
1711,constante,-6.1849,0,40,0.100000
1712,constante,-10.4990,0,40,0.100000
1713,constante,-23.2597,0,40,0.100000
1714,constante,-4.4572,0,40,0.100000
1715,constante,-6.2676,0,40,0.100000
1716,constante,-5.1595,0,40,0.100000
1717,constante,-5.1659,0,40,0.100000
1718,constante,-6.6206,0,40,0.100000
1719,constante,-22.5917,0,40,0.100000
1720,constante,-6.6206,0,40,0.100000
1721,constante,-3.6039,0,40,0.100000
1722,constante,-15.1578,0,40,0.100000
1723,constante,-6.5789,0,40,0.100000
1724,constante,-17.0634,0,40,0.100000
1725,constante,-17.5381,0,40,0.100000
1726,constante,-16.2454,0,40,0.100000
1727,constante,-6.5481,0,40,0.100000
1728,constante,-5.3148,0,40,0.100000
1729,constante,-6.9870,0,40,0.100000
1730,constante,-14.7386,0,40,0.100000
1731,constante,-6.2314,0,40,0.100000
1732,constante,-13.3583,0,40,0.100000
1733,constante,-5.3215,0,40,0.100000
1734,constante,-13.1349,0,40,0.100000
1735,constante,-15.2296,0,40,0.100000
1736,constante,-6.5464,0,40,0.100000
1737,constante,-6.4021,0,40,0.100000
1738,constante,-6.0210,0,40,0.100000
1739,constante,-5.5551,0,40,0.100000
1740,constante,-5.0763,0,40,0.100000
1741,constante,-6.6206,0,40,0.100000
1742,constante,-6.2214,0,40,0.100000
1743,constante,-15.1306,0,40,0.100000
1744,constante,-6.1043,0,40,0.100000
1745,constante,-5.2375,0,40,0.100000
1746,constante,-5.6135,0,40,0.100000
1747,constante,-5.1667,0,40,0.100000
1748,constante,-10.1369,0,40,0.100000
1749,constante,-6.6140,0,40,0.100000
1750,constante,-6.1695,0,40,0.100000
1751,constante,-5.9140,0,40,0.100000
1752,constante,-13.8624,0,40,0.100000
1753,constante,-5.4075,0,40,0.100000
1754,constante,-6.2315,0,40,0.100000
1755,constante,-23.2026,0,40,0.100000
1756,constante,-16.2250,0,40,0.100000
1757,constante,-21.9896,0,40,0.100000
1758,constante,-5.3771,0,40,0.100000
1759,constante,-4.2343,0,40,0.100000
1760,constante,-5.8154,0,40,0.100000
1761,constante,-4.9191,0,40,0.100000
1762,constante,-9.0308,0,40,0.100000
1763,constante,-5.5032,0,40,0.100000
1764,constante,-5.2057,0,40,0.100000
1765,constante,-5.2965,0,40,0.100000
1766,constante,-12.2889,0,40,0.100000
1767,constante,-6.6206,0,40,0.100000
1768,constante,-5.7220,0,40,0.100000
1769,constante,-6.1819,0,40,0.100000
1770,constante,-6.7018,0,40,0.100000
1771,constante,-6.6206,0,40,0.100000
1772,constante,-6.0037,0,40,0.100000
1773,constante,-6.6074,0,40,0.100000
1774,constante,-4.5495,0,40,0.100000
1775,constante,-15.7763,0,40,0.100000
1776,constante,-18.4548,0,40,0.100000
1777,constante,-11.6377,0,40,0.100000
1778,constante,-17.6454,0,40,0.100000
1779,constante,-6.1040,0,40,0.100000
1780,constante,-6.6206,0,40,0.100000
1781,constante,-5.7560,0,40,0.100000
1782,constante,-16.5325,0,40,0.100000
1783,constante,-5.5606,0,40,0.100000
1784,constante,-5.5049,0,40,0.100000
1785,constante,-6.2385,0,40,0.100000
1786,constante,-6.6206,0,40,0.100000
1787,constante,-5.9563,0,40,0.100000
1788,constante,-6.7088,0,40,0.100000
1789,constante,-15.9372,0,40,0.100000
1790,constante,-5.1832,0,40,0.100000
1791,constante,-9.4961,0,40,0.100000
1792,constante,-12.5993,0,40,0.100000
1793,constante,-5.6774,0,40,0.100000
1794,constante,-15.7108,0,40,0.100000
1795,constante,-15.9232,0,40,0.100000
1796,constante,-6.5425,0,40,0.100000
1797,constante,-6.0033,0,40,0.100000
1798,constante,-13.8689,0,40,0.100000
1799,constante,-13.6950,0,40,0.100000
1800,constante,-12.3787,0,40,0.100000
1801,constante,-17.6442,0,40,0.100000
1802,constante,-5.3980,0,40,0.100000
1803,constante,-19.3141,0,40,0.100000
1804,constante,-9.5905,0,40,0.100000
1805,constante,-4.6021,0,40,0.100000
1806,constante,-5.1199,0,40,0.100000
1807,constante,-18.2369,0,40,0.100000
1808,constante,-6.6206,0,40,0.100000
1809,constante,-5.3776,0,40,0.100000
1810,constante,-6.6206,0,40,0.100000
1811,constante,-6.3387,0,40,0.100000
1812,constante,-15.7381,0,40,0.100000
1813,constante,-11.5711,0,40,0.100000
1814,constante,-5.9905,0,40,0.100000
1815,constante,-15.3364,0,40,0.100000
1816,constante,-4.9104,0,40,0.100000
1817,constante,-18.5570,0,40,0.100000
1818,constante,-6.3895,0,40,0.100000
1819,constante,-9.1701,0,40,0.100000
1820,constante,-6.1956,0,40,0.100000
1821,constante,-6.6206,0,40,0.100000
1822,constante,-5.2798,0,40,0.100000
1823,constante,-5.5118,0,40,0.100000
1824,constante,-6.6206,0,40,0.100000
1825,constante,-6.5455,0,40,0.100000
1826,constante,-8.4674,0,40,0.100000
1827,constante,-6.2649,0,40,0.100000
1828,constante,-5.6978,0,40,0.100000
1829,constante,-10.9965,0,40,0.100000
1830,constante,-15.5799,0,40,0.100000
1831,constante,-6.6638,0,40,0.100000
1832,constante,-17.2466,0,40,0.100000
1833,constante,-5.9514,0,40,0.100000
1834,constante,-6.6299,0,40,0.100000
1835,constante,-6.3217,0,40,0.100000
1836,constante,-5.4423,0,40,0.100000
1837,constante,-6.5342,0,40,0.100000
1838,constante,-5.1881,0,40,0.100000
1839,constante,-6.1110,0,40,0.100000
1840,constante,-6.2314,0,40,0.100000
1841,constante,-4.6771,0,40,0.100000
1842,constante,-5.3293,0,40,0.100000
1843,constante,-4.5085,0,40,0.100000
1844,constante,-6.7601,0,40,0.100000
1845,constante,-14.0862,0,40,0.100000
1846,constante,-6.6206,0,40,0.100000
1847,constante,-6.0781,0,40,0.100000
1848,constante,-5.1526,0,40,0.100000
1849,constante,-12.7642,0,40,0.100000
1850,constante,-22.8580,0,40,0.100000
1851,constante,-17.0037,0,40,0.100000
1852,constante,-5.8287,0,40,0.100000
1853,constante,-5.5088,0,40,0.100000
1854,constante,-6.2123,0,40,0.100000
1855,constante,-6.2203,0,40,0.100000
1856,constante,-4.8038,0,40,0.100000
1857,constante,-11.7799,0,40,0.100000
1858,constante,-5.3679,0,40,0.100000
1859,constante,-5.0719,0,40,0.100000
1860,constante,-5.7974,0,40,0.100000
1861,constante,-20.2390,0,40,0.100000
1862,constante,-5.6743,0,40,0.100000
1863,constante,-6.5669,0,40,0.100000
1864,constante,-19.5113,0,40,0.100000
1865,constante,-6.1769,0,40,0.100000
1866,constante,-20.7947,0,40,0.100000
1867,constante,-20.1625,0,40,0.100000
1868,constante,-6.1200,0,40,0.100000
1869,constante,-6.1787,0,40,0.100000
1870,constante,-13.6063,0,40,0.100000
1871,constante,-17.3970,0,40,0.100000
1872,constante,-5.7061,0,40,0.100000
1873,constante,-6.6206,0,40,0.100000
1874,constante,-5.2941,0,40,0.100000
1875,constante,-15.1777,0,40,0.100000
1876,constante,-21.0877,0,40,0.100000
1877,constante,-3.9472,0,40,0.100000
1878,constante,-6.6206,0,40,0.100000
1879,constante,-17.5100,0,40,0.100000
1880,constante,-13.3147,0,40,0.100000
1881,constante,-6.0451,0,40,0.100000
1882,constante,-6.4931,0,40,0.100000
1883,constante,-6.3115,0,40,0.100000
1884,constante,-6.4336,0,40,0.100000
1885,constante,-6.6206,0,40,0.100000
1886,constante,-3.7865,0,40,0.100000
1887,constante,-5.8250,0,40,0.100000
1888,constante,-5.5556,0,40,0.100000
1889,constante,-6.3260,0,40,0.100000
1890,constante,-6.2137,0,40,0.100000
1891,constante,-6.6206,0,40,0.100000
1892,constante,-18.6785,0,40,0.100000
1893,constante,-8.8647,0,40,0.100000
1894,constante,-6.1957,0,40,0.100000
1895,constante,-16.6831,0,40,0.100000
1896,constante,-5.2230,0,40,0.100000
1897,constante,-4.3830,0,40,0.100000
1898,constante,-5.7285,0,40,0.100000
1899,constante,-9.4505,0,40,0.100000
1900,constante,-6.6206,0,40,0.100000
1901,constante,-5.7417,0,40,0.100000
1902,constante,-4.5977,0,40,0.100000
1903,constante,-22.3805,0,40,0.100000
1904,constante,-5.7504,0,40,0.100000
1905,constante,-6.6206,0,40,0.100000
1906,constante,-6.6206,0,40,0.100000
1907,constante,-14.7578,0,40,0.100000
1908,constante,-6.1666,0,40,0.100000
1909,constante,-16.3940,0,40,0.100000
1910,constante,-5.3069,0,40,0.100000
1911,constante,-6.3746,0,40,0.100000
1912,constante,-7.2281,0,40,0.100000
1913,constante,-17.3213,0,40,0.100000
1914,constante,-5.1211,0,40,0.100000
1915,constante,-5.6509,0,40,0.100000
1916,constante,-6.3553,0,40,0.100000
1917,constante,-9.9583,0,40,0.100000
1918,constante,-15.7873,0,40,0.100000
1919,constante,-5.4758,0,40,0.100000
1920,constante,-5.8671,0,40,0.100000
1921,constante,-5.7975,0,40,0.100000
1922,constante,-5.8721,0,40,0.100000
1923,constante,-6.1410,0,40,0.100000
1924,constante,-6.2820,0,40,0.100000
1925,constante,-16.8532,0,40,0.100000
1926,constante,-6.5728,0,40,0.100000
1927,constante,-6.0894,0,40,0.100000
1928,constante,-6.6206,0,40,0.100000
1929,constante,-5.5332,0,40,0.100000
1930,constante,-6.6206,0,40,0.100000
1931,constante,-8.5569,0,40,0.100000
1932,constante,-6.6429,0,40,0.100000
1933,constante,-6.7236,0,40,0.100000
1934,constante,-6.6206,0,40,0.100000
1935,constante,-6.6682,0,40,0.100000
1936,constante,-6.2312,0,40,0.100000
1937,constante,-6.4871,0,40,0.100000
1938,constante,-22.4873,0,40,0.100000
1939,constante,-5.2967,0,40,0.100000
1940,constante,-6.6206,0,40,0.100000
1941,constante,-10.4850,0,40,0.100000
1942,constante,-6.6223,0,40,0.100000
1943,constante,-6.6068,0,40,0.100000
1944,constante,-15.9438,0,40,0.100000
1945,constante,-6.6206,0,40,0.100000
1946,constante,-6.1904,0,40,0.100000
1947,constante,-6.2107,0,40,0.100000
1948,constante,-4.2866,0,40,0.100000
1949,constante,-6.5797,0,40,0.100000
1950,constante,-5.5049,0,40,0.100000
1951,constante,-5.9875,0,40,0.100000
1952,constante,-5.8880,0,40,0.100000
1953,constante,-4.5297,0,40,0.100000
1954,constante,-6.6101,0,40,0.100000
1955,constante,-6.2066,0,40,0.100000
1956,constante,-5.5235,0,40,0.100000
1957,constante,-3.5393,0,40,0.100000
1958,constante,-10.6232,0,40,0.100000
1959,constante,-6.0233,0,40,0.100000
1960,constante,-5.5124,0,40,0.100000
1961,constante,-5.7735,0,40,0.100000
1962,constante,-11.9543,0,40,0.100000
1963,constante,-15.3746,0,40,0.100000
1964,constante,-5.1606,0,40,0.100000
1965,constante,-5.7283,0,40,0.100000
1966,constante,-5.8790,0,40,0.100000
1967,constante,-8.5536,0,40,0.100000
1968,constante,-7.1507,0,40,0.100000
1969,constante,-22.8413,0,40,0.100000
1970,constante,-6.6206,0,40,0.100000
1971,constante,-20.2293,0,40,0.100000
1972,constante,-11.3034,0,40,0.100000
1973,constante,-6.4369,0,40,0.100000
1974,constante,-3.8836,0,40,0.100000
1975,constante,-4.5079,0,40,0.100000
1976,constante,-5.9298,0,40,0.100000
1977,constante,-11.5275,0,40,0.100000
1978,constante,-5.4173,0,40,0.100000
1979,constante,-6.3125,0,40,0.100000
1980,constante,-6.7003,0,40,0.100000
1981,constante,-23.3420,0,40,0.100000
1982,constante,-6.0054,0,40,0.100000
1983,constante,-9.3903,0,40,0.100000
1984,constante,-4.2273,0,40,0.100000
1985,constante,-6.0070,0,40,0.100000
1986,constante,-12.9381,0,40,0.100000
1987,constante,-14.2881,0,40,0.100000
1988,constante,-16.8652,0,40,0.100000
1989,constante,-5.7644,0,40,0.100000
1990,constante,-8.2668,0,40,0.100000
1991,constante,-5.0913,0,40,0.100000
1992,constante,-6.7321,0,40,0.100000
1993,constante,-6.1992,0,40,0.100000
1994,constante,-6.2627,0,40,0.100000
1995,constante,-6.2132,0,40,0.100000
1996,constante,-18.6338,0,40,0.100000
1997,constante,-7.8488,0,40,0.100000
1998,constante,-5.9516,0,40,0.100000
1999,constante,-16.2981,0,40,0.100000
2000,constante,-5.3722,0,40,0.100000
2001,constante,-6.2473,0,40,0.100000
2002,constante,-6.6206,0,40,0.100000
2003,constante,-6.6206,0,40,0.100000
2004,constante,-13.9128,0,40,0.100000
2005,constante,-4.3940,0,40,0.100000
2006,constante,-6.5935,0,40,0.100000
2007,constante,-13.8907,0,40,0.100000
2008,constante,-5.4240,0,40,0.100000
2009,constante,-6.6206,0,40,0.100000
2010,constante,-6.1825,0,40,0.100000
2011,constante,-6.3445,0,40,0.100000
2012,constante,-6.0580,0,40,0.100000
2013,constante,-6.2857,0,40,0.100000
2014,constante,-5.9743,0,40,0.100000
2015,constante,-6.6206,0,40,0.100000
2016,constante,-6.0038,0,40,0.100000
2017,constante,-10.3766,0,40,0.100000
2018,constante,-17.0643,0,40,0.100000
2019,constante,-6.3304,0,40,0.100000
2020,constante,-16.5678,0,40,0.100000
2021,constante,-6.6177,0,40,0.100000
2022,constante,-21.4815,0,40,0.100000
2023,constante,-6.4595,0,40,0.100000
2024,constante,-5.9751,0,40,0.100000
2025,constante,-6.2248,0,40,0.100000
2026,constante,-6.6206,0,40,0.100000
2027,constante,-5.4827,0,40,0.100000
2028,constante,-5.6688,0,40,0.100000
2029,constante,-5.9320,0,40,0.100000
2030,constante,-6.6206,0,40,0.100000
2031,constante,-6.6294,0,40,0.100000
2032,constante,-6.5995,0,40,0.100000
2033,constante,-6.2187,0,40,0.100000
2034,constante,-10.5201,0,40,0.100000
2035,constante,-15.5165,0,40,0.100000
2036,constante,-6.5803,0,40,0.100000
2037,constante,-6.4136,0,40,0.100000
2038,constante,-5.6862,0,40,0.100000
2039,constante,-8.8335,0,40,0.100000
2040,constante,-5.3387,0,40,0.100000
2041,constante,-6.4836,0,40,0.100000
2042,constante,-6.4438,0,40,0.100000
2043,constante,-9.2431,0,40,0.100000
2044,constante,-5.8109,0,40,0.100000
2045,constante,-5.3190,0,40,0.100000
2046,constante,-11.7353,0,40,0.100000
2047,constante,-20.0861,0,40,0.100000
2048,constante,-5.5411,0,40,0.100000
2049,constante,-5.4114,0,40,0.100000
2050,constante,-6.5659,0,40,0.100000
2051,constante,-6.1021,0,40,0.100000
2052,constante,-4.7184,0,40,0.100000
2053,constante,-11.7676,0,40,0.100000
2054,constante,-18.7620,0,40,0.100000
2055,constante,-10.8363,0,40,0.100000
2056,constante,-6.0145,0,40,0.100000
2057,constante,-5.8783,0,40,0.100000
2058,constante,-5.6964,0,40,0.100000
2059,constante,-13.7041,0,40,0.100000
2060,constante,-16.8116,0,40,0.100000
2061,constante,-5.7335,0,40,0.100000
2062,constante,-11.6177,0,40,0.100000
2063,constante,-21.6902,0,40,0.100000
2064,constante,-15.5611,0,40,0.100000
2065,constante,-6.6206,0,40,0.100000
2066,constante,-6.4060,0,40,0.100000
2067,constante,-5.2799,0,40,0.100000
2068,constante,-15.5584,0,40,0.100000
2069,constante,-6.1420,0,40,0.100000
2070,constante,-6.4834,0,40,0.100000
2071,constante,-5.5040,0,40,0.100000
2072,constante,-4.5104,0,40,0.100000
2073,constante,-5.7095,0,40,0.100000
2074,constante,-4.6771,0,40,0.100000
2075,constante,-6.6206,0,40,0.100000
2076,constante,-5.9764,0,40,0.100000
2077,constante,-6.3624,0,40,0.100000
2078,constante,-6.6206,0,40,0.100000
2079,constante,-4.8075,0,40,0.100000
2080,constante,-6.2195,0,40,0.100000
2081,constante,-4.6079,0,40,0.100000
2082,constante,-6.3333,0,40,0.100000
2083,constante,-6.7211,0,40,0.100000
2084,constante,-6.4815,0,40,0.100000
2085,constante,-22.0046,0,40,0.100000
2086,constante,-10.3717,0,40,0.100000
2087,constante,-6.3467,0,40,0.100000
2088,constante,-15.2143,0,40,0.100000
2089,constante,-7.5619,0,40,0.100000
2090,constante,-6.8570,0,40,0.100000
2091,constante,-6.2059,0,40,0.100000
2092,constante,-22.4089,0,40,0.100000
2093,constante,-5.1063,0,40,0.100000
2094,constante,-5.7869,0,40,0.100000
2095,constante,-5.1092,0,40,0.100000
2096,constante,-3.6397,0,40,0.100000
2097,constante,-15.2960,0,40,0.100000
2098,constante,-6.6206,0,40,0.100000
2099,constante,-5.6501,0,40,0.100000
2100,constante,-5.1419,0,40,0.100000
2101,constante,-4.2080,0,40,0.100000
2102,constante,-13.4476,0,40,0.100000
2103,constante,-16.8427,0,40,0.100000
2104,constante,-23.2621,0,40,0.100000
2105,constante,-14.3193,0,40,0.100000
2106,constante,-5.2991,0,40,0.100000
2107,constante,-12.6284,0,40,0.100000
2108,constante,-5.8712,0,40,0.100000
2109,constante,-6.2723,0,40,0.100000
2110,constante,-16.1819,0,40,0.100000
2111,constante,-6.2695,0,40,0.100000
2112,constante,-5.5667,0,40,0.100000
2113,constante,-5.6268,0,40,0.100000
2114,constante,-20.6812,0,40,0.100000
2115,constante,-5.1131,0,40,0.100000
2116,constante,-6.4534,0,40,0.100000
2117,constante,-20.8624,0,40,0.100000
2118,constante,-18.2577,0,40,0.100000
2119,constante,-5.5874,0,40,0.100000
2120,constante,-4.8728,0,40,0.100000
2121,constante,-17.5571,0,40,0.100000
2122,constante,-6.6908,0,40,0.100000
2123,constante,-5.8940,0,40,0.100000
2124,constante,-6.3107,0,40,0.100000
2125,constante,-6.4931,0,40,0.100000
2126,constante,-5.9097,0,40,0.100000
2127,constante,-6.1249,0,40,0.100000
2128,constante,-5.8543,0,40,0.100000
2129,constante,-5.6822,0,40,0.100000
2130,constante,-5.7367,0,40,0.100000
2131,constante,-5.7431,0,40,0.100000
2132,constante,-6.1358,0,40,0.100000
2133,constante,-19.9423,0,40,0.100000
2134,constante,-6.6206,0,40,0.100000
2135,constante,-5.4657,0,40,0.100000
2136,constante,-6.2283,0,40,0.100000
2137,constante,-6.0240,0,40,0.100000
2138,constante,-5.6210,0,40,0.100000
2139,constante,-15.4054,0,40,0.100000
2140,constante,-5.5791,0,40,0.100000
2141,constante,-7.7412,0,40,0.100000
2142,constante,-6.6206,0,40,0.100000
2143,constante,-6.2268,0,40,0.100000
2144,constante,-4.1652,0,40,0.100000
2145,constante,-5.9132,0,40,0.100000
2146,constante,-5.2388,0,40,0.100000
2147,constante,-6.6206,0,40,0.100000
2148,constante,-5.2735,0,40,0.100000
2149,constante,-5.9564,0,40,0.100000
2150,constante,-13.0142,0,40,0.100000
2151,constante,-5.8037,0,40,0.100000
2152,constante,-5.7131,0,40,0.100000
2153,constante,-5.9534,0,40,0.100000
2154,constante,-6.6206,0,40,0.100000
2155,constante,-5.9563,0,40,0.100000
2156,constante,-4.6397,0,40,0.100000
2157,constante,-6.0500,0,40,0.100000
2158,constante,-4.3444,0,40,0.100000
2159,constante,-5.4140,0,40,0.100000
2160,constante,-5.6270,0,40,0.100000
2161,constante,-5.9351,0,40,0.100000
2162,constante,-6.1063,0,40,0.100000
2163,constante,-5.2556,0,40,0.100000
2164,constante,-5.0540,0,40,0.100000
2165,constante,-10.4134,0,40,0.100000
2166,constante,-6.4311,0,40,0.100000
2167,constante,-6.6206,0,40,0.100000
2168,constante,-6.2813,0,40,0.100000
2169,constante,-5.5662,0,40,0.100000
2170,constante,-5.9661,0,40,0.100000
2171,constante,-6.4687,0,40,0.100000
2172,constante,-5.9212,0,40,0.100000
2173,constante,-12.9513,0,40,0.100000
2174,constante,-10.4962,0,40,0.100000
2175,constante,-6.1520,0,40,0.100000
2176,constante,-3.7835,0,40,0.100000
2177,constante,-5.9160,0,40,0.100000
2178,constante,-4.4359,0,40,0.100000
2179,constante,-5.2847,0,40,0.100000
2180,constante,-5.8352,0,40,0.100000
2181,constante,-10.1904,0,40,0.100000
2182,constante,-8.9326,0,40,0.100000
2183,constante,-5.2995,0,40,0.100000
2184,constante,-11.0204,0,40,0.100000
2185,constante,-5.9471,0,40,0.100000
2186,constante,-17.1667,0,40,0.100000
2187,constante,-14.6713,0,40,0.100000
2188,constante,-6.2366,0,40,0.100000
2189,constante,-6.1825,0,40,0.100000
2190,constante,-6.6206,0,40,0.100000
2191,constante,-5.6798,0,40,0.100000
2192,constante,-4.1890,0,40,0.100000
2193,constante,-12.6643,0,40,0.100000
2194,constante,-5.5128,0,40,0.100000
2195,constante,-20.4401,0,40,0.100000
2196,constante,-13.3665,0,40,0.100000
2197,constante,-18.7489,0,40,0.100000
2198,constante,-5.7897,0,40,0.100000
2199,constante,-5.1718,0,40,0.100000
2200,constante,-7.1049,0,40,0.100000
2201,constante,-6.1541,0,40,0.100000
2202,constante,-14.6654,0,40,0.100000
2203,constante,-19.2448,0,40,0.100000
2204,constante,-5.8058,0,40,0.100000
2205,constante,-6.1159,0,40,0.100000
2206,constante,-5.9092,0,40,0.100000
2207,constante,-6.7838,0,40,0.100000
2208,constante,-5.9224,0,40,0.100000
2209,constante,-6.5923,0,40,0.100000
2210,constante,-15.9588,0,40,0.100000
2211,constante,-6.2627,0,40,0.100000
2212,constante,-5.5190,0,40,0.100000
2213,constante,-6.2455,0,40,0.100000
2214,constante,-7.0814,0,40,0.100000
2215,constante,-5.9424,0,40,0.100000
2216,constante,-15.2610,0,40,0.100000
2217,constante,-22.9996,0,40,0.100000
2218,constante,-6.2713,0,40,0.100000
2219,constante,-5.6684,0,40,0.100000
2220,constante,-4.1834,0,40,0.100000
2221,constante,-16.5296,0,40,0.100000
2222,constante,-11.6387,0,40,0.100000
2223,constante,-15.4658,0,40,0.100000
2224,constante,-12.0425,0,40,0.100000
2225,constante,-8.2558,0,40,0.100000
2226,constante,-21.1196,0,40,0.100000
2227,constante,-6.5186,0,40,0.100000
2228,constante,-13.6965,0,40,0.100000
2229,constante,-6.6206,0,40,0.100000
2230,constante,-6.1773,0,40,0.100000
2231,constante,-6.3749,0,40,0.100000
2232,constante,-14.8528,0,40,0.100000
2233,constante,-12.1749,0,40,0.100000
2234,constante,-6.3519,0,40,0.100000
2235,constante,-4.8614,0,40,0.100000
2236,constante,-6.6527,0,40,0.100000
2237,constante,-9.6703,0,40,0.100000
2238,constante,-5.7367,0,40,0.100000
2239,constante,-8.8133,0,40,0.100000
2240,constante,-6.0223,0,40,0.100000
2241,constante,-11.4528,0,40,0.100000
2242,constante,-5.8761,0,40,0.100000
2243,constante,-6.4863,0,40,0.100000
2244,constante,-6.1384,0,40,0.100000
2245,constante,-6.6405,0,40,0.100000
2246,constante,-20.9872,0,40,0.100000
2247,constante,-6.2617,0,40,0.100000
2248,constante,-4.7743,0,40,0.100000
2249,constante,-11.9340,0,40,0.100000
2250,constante,-5.5590,0,40,0.100000
2251,constante,-11.0094,0,40,0.100000
2252,constante,-6.5487,0,40,0.100000
2253,constante,-8.0854,0,40,0.100000
2254,constante,-6.4832,0,40,0.100000
2255,constante,-17.5551,0,40,0.100000
2256,constante,-5.8160,0,40,0.100000
2257,constante,-6.9421,0,40,0.100000
2258,constante,-5.1108,0,40,0.100000
2259,constante,-6.2343,0,40,0.100000
2260,constante,-5.6690,0,40,0.100000
2261,constante,-6.4550,0,40,0.100000
2262,constante,-11.8098,0,40,0.100000
2263,constante,-6.6206,0,40,0.100000
2264,constante,-5.9215,0,40,0.100000
2265,constante,-6.6206,0,40,0.100000
2266,constante,-6.7314,0,40,0.100000
2267,constante,-6.2281,0,40,0.100000
2268,constante,-6.1902,0,40,0.100000
2269,constante,-5.8695,0,40,0.100000
2270,constante,-6.2002,0,40,0.100000
2271,constante,-5.2279,0,40,0.100000
2272,constante,-17.0944,0,40,0.100000
2273,constante,-9.4213,0,40,0.100000
2274,constante,-7.4934,0,40,0.100000
2275,constante,-6.3771,0,40,0.100000
2276,constante,-5.5975,0,40,0.100000
2277,constante,-6.1853,0,40,0.100000
2278,constante,-5.9589,0,40,0.100000
2279,constante,-6.4103,0,40,0.100000
2280,constante,-22.1317,0,40,0.100000
2281,constante,-11.1834,0,40,0.100000
2282,constante,-7.8583,0,40,0.100000
2283,constante,-5.0137,0,40,0.100000
2284,constante,-6.6774,0,40,0.100000
2285,constante,-5.6943,0,40,0.100000
2286,constante,-5.7530,0,40,0.100000
2287,constante,-8.2377,0,40,0.100000
2288,constante,-6.2127,0,40,0.100000
2289,constante,-4.8801,0,40,0.100000
2290,constante,-6.1896,0,40,0.100000
2291,constante,-6.1627,0,40,0.100000
2292,constante,-5.8941,0,40,0.100000
2293,constante,-4.7953,0,40,0.100000
2294,constante,-5.8823,0,40,0.100000
2295,constante,-11.8964,0,40,0.100000
2296,constante,-7.3491,0,40,0.100000
2297,constante,-6.1067,0,40,0.100000
2298,constante,-20.2024,0,40,0.100000
2299,constante,-6.2529,0,40,0.100000
2300,constante,-6.3972,0,40,0.100000
2301,constante,-5.6173,0,40,0.100000
2302,constante,-5.6134,0,40,0.100000
2303,constante,-5.9404,0,40,0.100000
2304,constante,-20.5469,0,40,0.100000
2305,constante,-5.3648,0,40,0.100000
2306,constante,-6.6206,0,40,0.100000
2307,constante,-5.9152,0,40,0.100000
2308,constante,-6.7030,0,40,0.100000
2309,constante,-6.6206,0,40,0.100000
2310,constante,-22.0915,0,40,0.100000
2311,constante,-5.2285,0,40,0.100000
2312,constante,-6.0960,0,40,0.100000
2313,constante,-5.6947,0,40,0.100000
2314,constante,-9.0027,0,40,0.100000
2315,constante,-4.8419,0,40,0.100000
2316,constante,-5.5427,0,40,0.100000
2317,constante,-6.1161,0,40,0.100000
2318,constante,-6.6581,0,40,0.100000
2319,constante,-21.4277,0,40,0.100000
2320,constante,-6.5547,0,40,0.100000
2321,constante,-6.2840,0,40,0.100000
2322,constante,-6.5261,0,40,0.100000
2323,constante,-6.5777,0,40,0.100000
2324,constante,-14.8433,0,40,0.100000
2325,constante,-6.6206,0,40,0.100000
2326,constante,-6.6206,0,40,0.100000
2327,constante,-12.0710,0,40,0.100000
2328,constante,-19.2052,0,40,0.100000
2329,constante,-6.0865,0,40,0.100000
2330,constante,-15.4917,0,40,0.100000
2331,constante,-16.5404,0,40,0.100000
2332,constante,-6.2821,0,40,0.100000
2333,constante,-6.2143,0,40,0.100000
2334,constante,-16.0136,0,40,0.100000
2335,constante,-13.3505,0,40,0.100000
2336,constante,-12.8149,0,40,0.100000
2337,constante,-6.1817,0,40,0.100000
2338,constante,-12.7356,0,40,0.100000
2339,constante,-12.2000,0,40,0.100000
2340,constante,-6.3064,0,40,0.100000
2341,constante,-5.8918,0,40,0.100000
2342,constante,-20.0310,0,40,0.100000
2343,constante,-5.9205,0,40,0.100000
2344,constante,-5.5060,0,40,0.100000
2345,constante,-5.9751,0,40,0.100000
2346,constante,-6.6206,0,40,0.100000
2347,constante,-5.2683,0,40,0.100000
2348,constante,-5.3420,0,40,0.100000
2349,constante,-5.8327,0,40,0.100000
2350,constante,-4.5002,0,40,0.100000
2351,constante,-6.2162,0,40,0.100000
2352,constante,-6.4310,0,40,0.100000
2353,constante,-6.5523,0,40,0.100000
2354,constante,-6.6206,0,40,0.100000
2355,constante,-6.2552,0,40,0.100000
2356,constante,-6.3348,0,40,0.100000
2357,constante,-18.8670,0,40,0.100000
2358,constante,-6.6206,0,40,0.100000
2359,constante,-5.3904,0,40,0.100000
2360,constante,-10.9929,0,40,0.100000
2361,constante,-5.6607,0,40,0.100000
2362,constante,-6.0037,0,40,0.100000
2363,constante,-7.9848,0,40,0.100000
2364,constante,-6.3922,0,40,0.100000
2365,constante,-4.0058,0,40,0.100000
2366,constante,-16.9984,0,40,0.100000
2367,constante,-5.3567,0,40,0.100000
2368,constante,-18.0731,0,40,0.100000
2369,constante,-3.3428,0,40,0.100000
2370,constante,-6.6206,0,40,0.100000
2371,constante,-6.2064,0,40,0.100000
2372,constante,-4.9027,0,40,0.100000
2373,constante,-4.4437,0,40,0.100000
2374,constante,-5.5225,0,40,0.100000
2375,constante,-10.6907,0,40,0.100000
2376,constante,-6.7801,0,40,0.100000
2377,constante,-6.6540,0,40,0.100000
2378,constante,-5.0764,0,40,0.100000
2379,constante,-4.9831,0,40,0.100000
2380,constante,-6.3419,0,40,0.100000
2381,constante,-5.8646,0,40,0.100000
2382,constante,-5.1531,0,40,0.100000
2383,constante,-5.8538,0,40,0.100000
2384,constante,-5.8035,0,40,0.100000
2385,constante,-6.4124,0,40,0.100000
2386,constante,-5.8851,0,40,0.100000
2387,constante,-18.8647,0,40,0.100000
2388,constante,-15.1982,0,40,0.100000
2389,constante,-5.2760,0,40,0.100000
2390,constante,-6.3934,0,40,0.100000
2391,constante,-5.3337,0,40,0.100000
2392,constante,-15.6799,0,40,0.100000
2393,constante,-6.6206,0,40,0.100000
2394,constante,-5.0538,0,40,0.100000
2395,constante,-5.3876,0,40,0.100000
2396,constante,-5.9646,0,40,0.100000
2397,constante,-6.8436,0,40,0.100000
2398,constante,-5.4660,0,40,0.100000
2399,constante,-6.6206,0,40,0.100000
2400,constante,-9.4390,0,40,0.100000
2401,constante,-4.1719,0,40,0.100000
2402,constante,-6.6083,0,40,0.100000
2403,constante,-6.0126,0,40,0.100000
2404,constante,-5.5003,0,40,0.100000
2405,constante,-23.1535,0,40,0.100000
2406,constante,-5.0981,0,40,0.100000
2407,constante,-5.7343,0,40,0.100000
2408,constante,-5.6871,0,40,0.100000
2409,constante,-5.4224,0,40,0.100000
2410,constante,-6.4004,0,40,0.100000
2411,constante,-6.4700,0,40,0.100000
2412,constante,-6.3875,0,40,0.100000
2413,constante,-6.6206,0,40,0.100000
2414,constante,-8.5990,0,40,0.100000
2415,constante,-23.9431,0,40,0.100000
2416,constante,-15.2270,0,40,0.100000
2417,constante,-5.3309,0,40,0.100000
2418,constante,-6.3891,0,40,0.100000
2419,constante,-11.8584,0,40,0.100000
2420,constante,-20.2544,0,40,0.100000
2421,constante,-6.4352,0,40,0.100000
2422,constante,-7.2817,0,40,0.100000
2423,constante,-12.6398,0,40,0.100000
2424,constante,-4.8071,0,40,0.100000
2425,constante,-6.2788,0,40,0.100000
2426,constante,-6.3276,0,40,0.100000
2427,constante,-5.8821,0,40,0.100000
2428,constante,-6.1222,0,40,0.100000
2429,constante,-23.4078,0,40,0.100000
2430,constante,-6.4478,0,40,0.100000
2431,constante,-13.3994,0,40,0.100000
2432,constante,-16.0614,0,40,0.100000
2433,constante,-18.0729,0,40,0.100000
2434,constante,-8.3321,0,40,0.100000
2435,constante,-12.7893,0,40,0.100000
2436,constante,-5.9207,0,40,0.100000
2437,constante,-6.6143,0,40,0.100000
2438,constante,-6.2951,0,40,0.100000
2439,constante,-9.0772,0,40,0.100000
2440,constante,-5.8917,0,40,0.100000
2441,constante,-21.5526,0,40,0.100000
2442,constante,-5.1646,0,40,0.100000
2443,constante,-5.9345,0,40,0.100000
2444,constante,-5.4601,0,40,0.100000
2445,constante,-6.0916,0,40,0.100000
2446,constante,-6.0248,0,40,0.100000
2447,constante,-20.5056,0,40,0.100000
2448,constante,-6.6206,0,40,0.100000
2449,constante,-6.0410,0,40,0.100000
2450,constante,-6.0043,0,40,0.100000
2451,constante,-20.7192,0,40,0.100000
2452,constante,-5.0460,0,40,0.100000
2453,constante,-14.6969,0,40,0.100000
2454,constante,-16.1927,0,40,0.100000
2455,constante,-5.1840,0,40,0.100000
2456,constante,-6.6007,0,40,0.100000
2457,constante,-6.6206,0,40,0.100000
2458,constante,-5.6673,0,40,0.100000
2459,constante,-4.3027,0,40,0.100000
2460,constante,-6.4287,0,40,0.100000
2461,constante,-6.0433,0,40,0.100000
2462,constante,-9.7876,0,40,0.100000
2463,constante,-11.5005,0,40,0.100000
2464,constante,-6.2083,0,40,0.100000
2465,constante,-11.4409,0,40,0.100000
2466,constante,-6.0623,0,40,0.100000
2467,constante,-8.7696,0,40,0.100000
2468,constante,-5.3903,0,40,0.100000
2469,constante,-6.4133,0,40,0.100000
2470,constante,-6.6206,0,40,0.100000
2471,constante,-4.7745,0,40,0.100000
2472,constante,-13.0348,0,40,0.100000
2473,constante,-20.3420,0,40,0.100000
2474,constante,-6.3605,0,40,0.100000
2475,constante,-6.0935,0,40,0.100000
2476,constante,-5.5470,0,40,0.100000
2477,constante,-5.6122,0,40,0.100000
2478,constante,-6.6206,0,40,0.100000
2479,constante,-5.4140,0,40,0.100000
2480,constante,-6.2468,0,40,0.100000
2481,constante,-5.1953,0,40,0.100000
2482,constante,-6.2495,0,40,0.100000
2483,constante,-16.2668,0,40,0.100000
2484,constante,-14.0028,0,40,0.100000
2485,constante,-4.4253,0,40,0.100000
2486,constante,-6.8357,0,40,0.100000
2487,constante,-6.2809,0,40,0.100000
2488,constante,-18.6908,0,40,0.100000
2489,constante,-5.4533,0,40,0.100000
2490,constante,-17.0413,0,40,0.100000
2491,constante,-6.0401,0,40,0.100000
2492,constante,-14.4532,0,40,0.100000
2493,constante,-6.9021,0,40,0.100000
2494,constante,-3.8688,0,40,0.100000
2495,constante,-6.3539,0,40,0.100000
2496,constante,-6.2607,0,40,0.100000
2497,constante,-5.6032,0,40,0.100000
2498,constante,-5.8166,0,40,0.100000
2499,constante,-6.0198,0,40,0.100000
2500,constante,-6.4086,0,40,0.100000
2501,constante,-10.8393,0,40,0.100000
2502,constante,-7.8146,0,40,0.100000
2503,constante,-5.9931,0,40,0.100000
2504,constante,-5.3553,0,40,0.100000
2505,constante,-20.1154,0,40,0.100000
2506,constante,-13.4993,0,40,0.100000
2507,constante,-6.9776,0,40,0.100000
2508,constante,-5.6512,0,40,0.100000
2509,constante,-5.9475,0,40,0.100000
2510,constante,-14.6598,0,40,0.100000
2511,constante,-12.9970,0,40,0.100000
2512,constante,-4.9905,0,40,0.100000
2513,constante,-6.6206,0,40,0.100000
2514,constante,-12.4515,0,40,0.100000
2515,constante,-7.7377,0,40,0.100000
2516,constante,-6.4854,0,40,0.100000
2517,constante,-6.6043,0,40,0.100000
2518,constante,-5.8848,0,40,0.100000
2519,constante,-6.1204,0,40,0.100000
2520,constante,-6.1065,0,40,0.100000
2521,constante,-4.4506,0,40,0.100000
2522,constante,-6.4704,0,40,0.100000
2523,constante,-17.7081,0,40,0.100000
2524,constante,-5.1915,0,40,0.100000
2525,constante,-13.5641,0,40,0.100000
2526,constante,-17.4296,0,40,0.100000
2527,constante,-6.1047,0,40,0.100000
2528,constante,-6.6467,0,40,0.100000
2529,constante,-6.6206,0,40,0.100000
2530,constante,-14.7710,0,40,0.100000
2531,constante,-21.6330,0,40,0.100000
2532,constante,-16.6281,0,40,0.100000
2533,constante,-5.9026,0,40,0.100000
2534,constante,-10.4128,0,40,0.100000
2535,constante,-6.3381,0,40,0.100000
2536,constante,-6.6206,0,40,0.100000
2537,constante,-6.0072,0,40,0.100000
2538,constante,-6.1816,0,40,0.100000
2539,constante,-6.2882,0,40,0.100000
2540,constante,-5.0184,0,40,0.100000
2541,constante,-7.8314,0,40,0.100000
2542,constante,-5.7645,0,40,0.100000
2543,constante,-9.1712,0,40,0.100000
2544,constante,-9.8799,0,40,0.100000
2545,constante,-6.6206,0,40,0.100000
2546,constante,-11.6487,0,40,0.100000
2547,constante,-13.8274,0,40,0.100000
2548,constante,-6.6206,0,40,0.100000
2549,constante,-18.5532,0,40,0.100000
2550,constante,-5.3303,0,40,0.100000
2551,constante,-5.3800,0,40,0.100000
2552,constante,-6.4206,0,40,0.100000
2553,constante,-6.2164,0,40,0.100000
2554,constante,-6.6206,0,40,0.100000
2555,constante,-8.4536,0,40,0.100000
2556,constante,-5.8982,0,40,0.100000
2557,constante,-6.1310,0,40,0.100000
2558,constante,-6.3354,0,40,0.100000
2559,constante,-18.1334,0,40,0.100000
2560,constante,-13.0609,0,40,0.100000
2561,constante,-6.4764,0,40,0.100000
2562,constante,-10.6248,0,40,0.100000
2563,constante,-17.2614,0,40,0.100000
2564,constante,-6.0248,0,40,0.100000
2565,constante,-16.1696,0,40,0.100000
2566,constante,-9.2041,0,40,0.100000
2567,constante,-6.0345,0,40,0.100000
2568,constante,-6.1261,0,40,0.100000
2569,constante,-3.9003,0,40,0.100000
2570,constante,-5.6644,0,40,0.100000
2571,constante,-6.6109,0,40,0.100000
2572,constante,-6.6990,0,40,0.100000
2573,constante,-14.2554,0,40,0.100000
2574,constante,-16.5026,0,40,0.100000
2575,constante,-6.6206,0,40,0.100000
2576,constante,-21.8890,0,40,0.100000
2577,constante,-6.3346,0,40,0.100000
2578,constante,-6.3116,0,40,0.100000
2579,constante,-19.9419,0,40,0.100000
2580,constante,-6.0349,0,40,0.100000
2581,constante,-6.5771,0,40,0.100000
2582,constante,-17.9843,0,40,0.100000
2583,constante,-6.1810,0,40,0.100000
2584,constante,-5.7047,0,40,0.100000
2585,constante,-5.5746,0,40,0.100000
2586,constante,-5.2532,0,40,0.100000
2587,constante,-5.4856,0,40,0.100000
2588,constante,-16.0874,0,40,0.100000
2589,constante,-13.5942,0,40,0.100000
2590,constante,-10.8149,0,40,0.100000
2591,constante,-10.5062,0,40,0.100000
2592,constante,-21.1064,0,40,0.100000
2593,constante,-6.6206,0,40,0.100000
2594,constante,-8.7454,0,40,0.100000
2595,constante,-13.3299,0,40,0.100000
2596,constante,-5.9805,0,40,0.100000
2597,constante,-5.8367,0,40,0.100000
2598,constante,-18.6234,0,40,0.100000
2599,constante,-6.0530,0,40,0.100000
2600,constante,-6.6206,0,40,0.100000
2601,constante,-6.0783,0,40,0.100000
2602,constante,-6.6751,0,40,0.100000
2603,constante,-6.6206,0,40,0.100000
2604,constante,-5.2689,0,40,0.100000
2605,constante,-7.6432,0,40,0.100000
2606,constante,-15.1068,0,40,0.100000
2607,constante,-5.8886,0,40,0.100000
2608,constante,-6.5400,0,40,0.100000
2609,constante,-9.2592,0,40,0.100000
2610,constante,-15.9437,0,40,0.100000
2611,constante,-5.7354,0,40,0.100000
2612,constante,-6.6206,0,40,0.100000
2613,constante,-6.2475,0,40,0.100000
2614,constante,-20.8919,0,40,0.100000
2615,constante,-10.9026,0,40,0.100000
2616,constante,-6.1426,0,40,0.100000
2617,constante,-10.3593,0,40,0.100000
2618,constante,-6.0833,0,40,0.100000
2619,constante,-5.1591,0,40,0.100000
2620,constante,-6.1204,0,40,0.100000
2621,constante,-5.8352,0,40,0.100000
2622,constante,-14.0233,0,40,0.100000
2623,constante,-6.4695,0,40,0.100000
2624,constante,-21.8533,0,40,0.100000
2625,constante,-4.7699,0,40,0.100000
2626,constante,-8.9036,0,40,0.100000
2627,constante,-6.5480,0,40,0.100000
2628,constante,-6.5673,0,40,0.100000
2629,constante,-7.5819,0,40,0.100000
2630,constante,-6.6206,0,40,0.100000
2631,constante,-6.0615,0,40,0.100000
2632,constante,-6.1168,0,40,0.100000
2633,constante,-5.8567,0,40,0.100000
2634,constante,-5.5830,0,40,0.100000
2635,constante,-5.2410,0,40,0.100000
2636,constante,-6.3716,0,40,0.100000
2637,constante,-6.2760,0,40,0.100000
2638,constante,-6.3681,0,40,0.100000
2639,constante,-14.5906,0,40,0.100000
2640,constante,-7.2539,0,40,0.100000
2641,constante,-6.0636,0,40,0.100000
2642,constante,-6.4267,0,40,0.100000
2643,constante,-6.4994,0,40,0.100000
2644,constante,-6.2599,0,40,0.100000
2645,constante,-16.4243,0,40,0.100000
2646,constante,-7.9832,0,40,0.100000
2647,constante,-6.5475,0,40,0.100000
2648,constante,-6.5196,0,40,0.100000
2649,constante,-11.1171,0,40,0.100000
2650,constante,-6.2206,0,40,0.100000
2651,constante,-4.5541,0,40,0.100000
2652,constante,-10.3225,0,40,0.100000
2653,constante,-12.6765,0,40,0.100000
2654,constante,-4.0535,0,40,0.100000
2655,constante,-5.1254,0,40,0.100000
2656,constante,-15.4648,0,40,0.100000
2657,constante,-9.0885,0,40,0.100000
2658,constante,-6.7321,0,40,0.100000
2659,constante,-20.2963,0,40,0.100000
2660,constante,-10.6640,0,40,0.100000
2661,constante,-6.5872,0,40,0.100000
2662,constante,-6.5677,0,40,0.100000
2663,constante,-5.9924,0,40,0.100000
2664,constante,-15.7753,0,40,0.100000
2665,constante,-20.3963,0,40,0.100000
2666,constante,-10.7899,0,40,0.100000
2667,constante,-5.5979,0,40,0.100000
2668,constante,-6.6206,0,40,0.100000
2669,constante,-6.6206,0,40,0.100000
2670,constante,-12.3155,0,40,0.100000
2671,constante,-19.2928,0,40,0.100000
2672,constante,-5.9808,0,40,0.100000
2673,constante,-6.6310,0,40,0.100000
2674,constante,-6.5772,0,40,0.100000
2675,constante,-6.1637,0,40,0.100000
2676,constante,-8.2935,0,40,0.100000
2677,constante,-6.6115,0,40,0.100000
2678,constante,-6.6206,0,40,0.100000
2679,constante,-6.4374,0,40,0.100000
2680,constante,-5.9166,0,40,0.100000
2681,constante,-6.6206,0,40,0.100000
2682,constante,-6.6206,0,40,0.100000
2683,constante,-8.4349,0,40,0.100000
2684,constante,-5.9020,0,40,0.100000
2685,constante,-20.0806,0,40,0.100000
2686,constante,-12.1424,0,40,0.100000
2687,constante,-12.2591,0,40,0.100000
2688,constante,-5.5817,0,40,0.100000
2689,constante,-13.6332,0,40,0.100000
2690,constante,-5.9833,0,40,0.100000
2691,constante,-8.1542,0,40,0.100000
2692,constante,-6.6206,0,40,0.100000
2693,constante,-4.8238,0,40,0.100000
2694,constante,-14.6402,0,40,0.100000
2695,constante,-6.5877,0,40,0.100000
2696,constante,-6.6206,0,40,0.100000
2697,constante,-12.3058,0,40,0.100000
2698,constante,-12.5159,0,40,0.100000
2699,constante,-5.2557,0,40,0.100000
2700,constante,-7.2061,0,40,0.100000
2701,constante,-5.5285,0,40,0.100000
2702,constante,-6.8784,0,40,0.100000
2703,constante,-5.6988,0,40,0.100000
2704,constante,-6.4605,0,40,0.100000
2705,constante,-6.2901,0,40,0.100000
2706,constante,-6.5829,0,40,0.100000
2707,constante,-4.7163,0,40,0.100000
2708,constante,-5.4163,0,40,0.100000
2709,constante,-21.5146,0,40,0.100000
2710,constante,-4.1716,0,40,0.100000
2711,constante,-21.3576,0,40,0.100000
2712,constante,-4.6775,0,40,0.100000
2713,constante,-6.6206,0,40,0.100000
2714,constante,-6.6471,0,40,0.100000
2715,constante,-6.5127,0,40,0.100000
2716,constante,-14.9578,0,40,0.100000
2717,constante,-6.3920,0,40,0.100000
2718,constante,-5.1505,0,40,0.100000
2719,constante,-18.0132,0,40,0.100000
2720,constante,-6.6206,0,40,0.100000
2721,constante,-6.3077,0,40,0.100000
2722,constante,-6.6206,0,40,0.100000
2723,constante,-5.5697,0,40,0.100000
2724,constante,-5.6015,0,40,0.100000
2725,constante,-8.5031,0,40,0.100000
2726,constante,-15.0796,0,40,0.100000
2727,constante,-18.8642,0,40,0.100000
2728,constante,-4.5073,0,40,0.100000
2729,constante,-15.2834,0,40,0.100000
2730,constante,-6.6206,0,40,0.100000
2731,constante,-5.6905,0,40,0.100000
2732,constante,-12.7075,0,40,0.100000
2733,constante,-6.0167,0,40,0.100000
2734,constante,-5.8374,0,40,0.100000
2735,constante,-7.3671,0,40,0.100000
2736,constante,-5.0459,0,40,0.100000
2737,constante,-5.6217,0,40,0.100000
2738,constante,-21.4788,0,40,0.100000
2739,constante,-4.9070,0,40,0.100000
2740,constante,-6.2880,0,40,0.100000
2741,constante,-6.6597,0,40,0.100000
2742,constante,-6.6519,0,40,0.100000
2743,constante,-6.4701,0,40,0.100000
2744,constante,-6.4580,0,40,0.100000
2745,constante,-5.8231,0,40,0.100000
2746,constante,-6.4188,0,40,0.100000
2747,constante,-22.5575,0,40,0.100000
2748,constante,-6.5610,0,40,0.100000
2749,constante,-14.9982,0,40,0.100000
2750,constante,-5.7071,0,40,0.100000
2751,constante,-6.1707,0,40,0.100000
2752,constante,-16.7919,0,40,0.100000
2753,constante,-6.6206,0,40,0.100000
2754,constante,-5.9233,0,40,0.100000
2755,constante,-10.3322,0,40,0.100000
2756,constante,-7.1796,0,40,0.100000
2757,constante,-9.2586,0,40,0.100000
2758,constante,-6.3211,0,40,0.100000
2759,constante,-5.7108,0,40,0.100000
2760,constante,-6.3654,0,40,0.100000
2761,constante,-5.1828,0,40,0.100000
2762,constante,-6.2404,0,40,0.100000
2763,constante,-5.8453,0,40,0.100000
2764,constante,-22.1308,0,40,0.100000
2765,constante,-19.3623,0,40,0.100000
2766,constante,-6.2763,0,40,0.100000
2767,constante,-4.7963,0,40,0.100000
2768,constante,-22.4871,0,40,0.100000
2769,constante,-19.6496,0,40,0.100000
2770,constante,-6.6968,0,40,0.100000
2771,constante,-6.0621,0,40,0.100000
2772,constante,-5.5972,0,40,0.100000
2773,constante,-6.6966,0,40,0.100000
2774,constante,-6.3013,0,40,0.100000
2775,constante,-20.5652,0,40,0.100000
2776,constante,-6.2237,0,40,0.100000
2777,constante,-12.6656,0,40,0.100000
2778,constante,-5.7241,0,40,0.100000
2779,constante,-10.8232,0,40,0.100000
2780,constante,-6.1695,0,40,0.100000
2781,constante,-4.4437,0,40,0.100000
2782,constante,-20.1909,0,40,0.100000
2783,constante,-5.0943,0,40,0.100000
2784,constante,-5.8447,0,40,0.100000
2785,constante,-11.7461,0,40,0.100000
2786,constante,-6.6651,0,40,0.100000
2787,constante,-6.3093,0,40,0.100000
2788,constante,-5.2644,0,40,0.100000
2789,constante,-5.1219,0,40,0.100000
2790,constante,-5.2923,0,40,0.100000
2791,constante,-20.9650,0,40,0.100000
2792,constante,-4.3391,0,40,0.100000
2793,constante,-10.5710,0,40,0.100000
2794,constante,-4.8679,0,40,0.100000
2795,constante,-6.6206,0,40,0.100000
2796,constante,-5.6146,0,40,0.100000
2797,constante,-15.1460,0,40,0.100000
2798,constante,-5.9027,0,40,0.100000
2799,constante,-5.9474,0,40,0.100000
2800,constante,-6.6206,0,40,0.100000
2801,constante,-22.0192,0,40,0.100000
2802,constante,-6.5263,0,40,0.100000
2803,constante,-6.3349,0,40,0.100000
2804,constante,-5.7338,0,40,0.100000
2805,constante,-5.5476,0,40,0.100000
2806,constante,-6.7159,0,40,0.100000
2807,constante,-5.5127,0,40,0.100000
2808,constante,-18.4037,0,40,0.100000
2809,constante,-6.4159,0,40,0.100000
2810,constante,-23.5527,0,40,0.100000
2811,constante,-5.4259,0,40,0.100000
2812,constante,-6.2472,0,40,0.100000
2813,constante,-6.6176,0,40,0.100000
2814,constante,-19.8840,0,40,0.100000
2815,constante,-16.2805,0,40,0.100000
2816,constante,-6.2384,0,40,0.100000
2817,constante,-9.9857,0,40,0.100000
2818,constante,-6.2036,0,40,0.100000
2819,constante,-21.0608,0,40,0.100000
2820,constante,-5.7702,0,40,0.100000
2821,constante,-4.6809,0,40,0.100000
2822,constante,-6.4936,0,40,0.100000
2823,constante,-6.6206,0,40,0.100000
2824,constante,-4.6373,0,40,0.100000
2825,constante,-5.8904,0,40,0.100000
2826,constante,-6.1904,0,40,0.100000
2827,constante,-6.5170,0,40,0.100000
2828,constante,-20.5767,0,40,0.100000
2829,constante,-17.8138,0,40,0.100000
2830,constante,-5.9055,0,40,0.100000
2831,constante,-10.9722,0,40,0.100000
2832,constante,-5.7871,0,40,0.100000
2833,constante,-6.1024,0,40,0.100000
2834,constante,-3.8705,0,40,0.100000
2835,constante,-6.3614,0,40,0.100000
2836,constante,-6.0706,0,40,0.100000
2837,constante,-13.1059,0,40,0.100000
2838,constante,-6.0198,0,40,0.100000
2839,constante,-6.0780,0,40,0.100000
2840,constante,-15.0109,0,40,0.100000
2841,constante,-6.3873,0,40,0.100000
2842,constante,-13.2631,0,40,0.100000
2843,constante,-16.8780,0,40,0.100000
2844,constante,-2.8955,0,40,0.100000
2845,constante,-6.5404,0,40,0.100000
2846,constante,-10.3487,0,40,0.100000
2847,constante,-6.2923,0,40,0.100000
2848,constante,-6.5042,0,40,0.100000
2849,constante,-6.3653,0,40,0.100000
2850,constante,-8.7300,0,40,0.100000
2851,constante,-6.3142,0,40,0.100000
2852,constante,-6.1373,0,40,0.100000
2853,constante,-5.9375,0,40,0.100000
2854,constante,-18.9184,0,40,0.100000
2855,constante,-6.3233,0,40,0.100000
2856,constante,-10.2556,0,40,0.100000
2857,constante,-5.4320,0,40,0.100000
2858,constante,-6.0853,0,40,0.100000
2859,constante,-6.2181,0,40,0.100000
2860,constante,-6.3230,0,40,0.100000
2861,constante,-5.8185,0,40,0.100000
2862,constante,-5.1937,0,40,0.100000
2863,constante,-6.4260,0,40,0.100000
2864,constante,-13.7964,0,40,0.100000
2865,constante,-6.4225,0,40,0.100000
2866,constante,-4.3633,0,40,0.100000
2867,constante,-5.4851,0,40,0.100000
2868,constante,-6.6206,0,40,0.100000
2869,constante,-15.2022,0,40,0.100000
2870,constante,-6.4188,0,40,0.100000
2871,constante,-5.1015,0,40,0.100000
2872,constante,-15.6644,0,40,0.100000
2873,constante,-6.6790,0,40,0.100000
2874,constante,-16.5082,0,40,0.100000
2875,constante,-11.1642,0,40,0.100000
2876,constante,-13.5036,0,40,0.100000
2877,constante,-5.3796,0,40,0.100000
2878,constante,-13.0871,0,40,0.100000
2879,constante,-20.6928,0,40,0.100000
2880,constante,-5.3855,0,40,0.100000
2881,constante,-16.3332,0,40,0.100000
2882,constante,-14.3866,0,40,0.100000
2883,constante,-6.3911,0,40,0.100000
2884,constante,-6.6611,0,40,0.100000
2885,constante,-5.6308,0,40,0.100000
2886,constante,-6.3324,0,40,0.100000
2887,constante,-18.0410,0,40,0.100000
2888,constante,-6.6206,0,40,0.100000
2889,constante,-6.3866,0,40,0.100000
2890,constante,-23.9862,0,40,0.100000
2891,constante,-5.7095,0,40,0.100000
2892,constante,-5.8949,0,40,0.100000
2893,constante,-6.4318,0,40,0.100000
2894,constante,-5.4941,0,40,0.100000
2895,constante,-6.6753,0,40,0.100000
2896,constante,-6.6206,0,40,0.100000
2897,constante,-7.4041,0,40,0.100000
2898,constante,-5.8565,0,40,0.100000
2899,constante,-10.2406,0,40,0.100000
2900,constante,-10.2541,0,40,0.100000
2901,constante,-5.6828,0,40,0.100000
2902,constante,-6.2670,0,40,0.100000
2903,constante,-6.3940,0,40,0.100000
2904,constante,-5.7286,0,40,0.100000
2905,constante,-17.4255,0,40,0.100000
2906,constante,-4.4653,0,40,0.100000
2907,constante,-20.4390,0,40,0.100000
2908,constante,-4.3934,0,40,0.100000
2909,constante,-6.4396,0,40,0.100000
2910,constante,-9.1977,0,40,0.100000
2911,constante,-17.2776,0,40,0.100000
2912,constante,-6.2745,0,40,0.100000
2913,constante,-6.0115,0,40,0.100000
2914,constante,-6.3942,0,40,0.100000
2915,constante,-6.1238,0,40,0.100000
2916,constante,-11.2273,0,40,0.100000
2917,constante,-5.3688,0,40,0.100000
2918,constante,-23.1525,0,40,0.100000
2919,constante,-16.6948,0,40,0.100000
2920,constante,-5.6157,0,40,0.100000
2921,constante,-4.8523,0,40,0.100000
2922,constante,-16.7572,0,40,0.100000
2923,constante,-6.4600,0,40,0.100000
2924,constante,-6.0996,0,40,0.100000
2925,constante,-5.9733,0,40,0.100000
2926,constante,-5.7952,0,40,0.100000
2927,constante,-12.1849,0,40,0.100000
2928,constante,-6.3673,0,40,0.100000
2929,constante,-15.3821,0,40,0.100000
2930,constante,-6.6206,0,40,0.100000
2931,constante,-6.2326,0,40,0.100000
2932,constante,-5.8998,0,40,0.100000
2933,constante,-6.1178,0,40,0.100000
2934,constante,-13.5039,0,40,0.100000
2935,constante,-12.5933,0,40,0.100000
2936,constante,-5.3715,0,40,0.100000
2937,constante,-6.0806,0,40,0.100000
2938,constante,-5.4076,0,40,0.100000
2939,constante,-4.6982,0,40,0.100000
2940,constante,-4.9360,0,40,0.100000
2941,constante,-7.2226,0,40,0.100000
2942,constante,-17.5324,0,40,0.100000
2943,constante,-16.7502,0,40,0.100000
2944,constante,-9.3372,0,40,0.100000
2945,constante,-21.1227,0,40,0.100000
2946,constante,-6.6206,0,40,0.100000
2947,constante,-5.9830,0,40,0.100000
2948,constante,-8.8017,0,40,0.100000
2949,constante,-6.0877,0,40,0.100000
2950,constante,-17.2567,0,40,0.100000
2951,constante,-5.8198,0,40,0.100000
2952,constante,-6.6206,0,40,0.100000
2953,constante,-6.2156,0,40,0.100000
2954,constante,-6.1451,0,40,0.100000
2955,constante,-13.9437,0,40,0.100000
2956,constante,-6.6206,0,40,0.100000
2957,constante,-6.0814,0,40,0.100000
2958,constante,-5.8968,0,40,0.100000
2959,constante,-6.1498,0,40,0.100000
2960,constante,-9.2560,0,40,0.100000
2961,constante,-19.8258,0,40,0.100000
2962,constante,-12.5219,0,40,0.100000
2963,constante,-5.8603,0,40,0.100000
2964,constante,-6.1292,0,40,0.100000
2965,constante,-5.6618,0,40,0.100000
2966,constante,-12.8288,0,40,0.100000
2967,constante,-7.8548,0,40,0.100000
2968,constante,-8.8575,0,40,0.100000
2969,constante,-8.5388,0,40,0.100000
2970,constante,-4.9662,0,40,0.100000
2971,constante,-6.3205,0,40,0.100000
2972,constante,-5.1917,0,40,0.100000
2973,constante,-6.5633,0,40,0.100000
2974,constante,-21.4790,0,40,0.100000
2975,constante,-6.6206,0,40,0.100000
2976,constante,-17.8997,0,40,0.100000
2977,constante,-6.1273,0,40,0.100000
2978,constante,-5.2888,0,40,0.100000
2979,constante,-6.2895,0,40,0.100000
2980,constante,-19.1637,0,40,0.100000
2981,constante,-4.4213,0,40,0.100000
2982,constante,-5.0528,0,40,0.100000
2983,constante,-10.5828,0,40,0.100000
2984,constante,-5.8822,0,40,0.100000
2985,constante,-5.5173,0,40,0.100000
2986,constante,-8.0312,0,40,0.100000
2987,constante,-5.9518,0,40,0.100000
2988,constante,-8.1006,0,40,0.100000
2989,constante,-6.2578,0,40,0.100000
2990,constante,-19.2103,0,40,0.100000
2991,constante,-5.6021,0,40,0.100000
2992,constante,-13.0074,0,40,0.100000
2993,constante,-6.4088,0,40,0.100000
2994,constante,-20.3320,0,40,0.100000
2995,constante,-4.8877,0,40,0.100000
2996,constante,-5.9568,0,40,0.100000
2997,constante,-6.5200,0,40,0.100000
2998,constante,-20.3499,0,40,0.100000
2999,constante,-6.3689,0,40,0.100000
3000,constante,-14.4938,0,40,0.100000
3001,constante,-5.2173,0,40,0.100000
3002,constante,-5.4359,0,40,0.100000
3003,constante,-8.1548,0,40,0.100000
3004,constante,-11.3140,0,40,0.100000
3005,constante,-6.3541,0,40,0.100000
3006,constante,-6.4918,0,40,0.100000
3007,constante,-5.5232,0,40,0.100000
3008,constante,-6.2478,0,40,0.100000
3009,constante,-6.1473,0,40,0.100000
3010,constante,-5.4186,0,40,0.100000
3011,constante,-4.6164,0,40,0.100000
3012,constante,-5.6057,0,40,0.100000
3013,constante,-4.3774,0,40,0.100000
3014,constante,-4.6371,0,40,0.100000
3015,constante,-5.5212,0,40,0.100000
3016,constante,-6.6206,0,40,0.100000
3017,constante,-5.3367,0,40,0.100000
3018,constante,-14.0834,0,40,0.100000
3019,constante,-5.6789,0,40,0.100000
3020,constante,-5.3219,0,40,0.100000
3021,constante,-16.4692,0,40,0.100000
3022,constante,-5.7949,0,40,0.100000
3023,constante,-7.6194,0,40,0.100000
3024,constante,-6.2610,0,40,0.100000
3025,constante,-16.4696,0,40,0.100000
3026,constante,-5.4118,0,40,0.100000
3027,constante,-21.6028,0,40,0.100000
3028,constante,-14.3797,0,40,0.100000
3029,constante,-6.4354,0,40,0.100000
3030,constante,-5.4985,0,40,0.100000
3031,constante,-6.0472,0,40,0.100000
3032,constante,-23.6005,0,40,0.100000
3033,constante,-16.6707,0,40,0.100000
3034,constante,-20.2191,0,40,0.100000
3035,constante,-4.4834,0,40,0.100000
3036,constante,-6.6206,0,40,0.100000
3037,constante,-21.7930,0,40,0.100000
3038,constante,-6.6206,0,40,0.100000
3039,constante,-17.6739,0,40,0.100000
3040,constante,-6.4600,0,40,0.100000
3041,constante,-10.9373,0,40,0.100000
3042,constante,-6.6206,0,40,0.100000
3043,constante,-7.0517,0,40,0.100000
3044,constante,-15.0919,0,40,0.100000
3045,constante,-5.9326,0,40,0.100000
3046,constante,-5.9572,0,40,0.100000
3047,constante,-5.9035,0,40,0.100000
3048,constante,-8.2906,0,40,0.100000
3049,constante,-5.8221,0,40,0.100000
3050,constante,-12.0333,0,40,0.100000
3051,constante,-5.8076,0,40,0.100000
3052,constante,-5.2392,0,40,0.100000
3053,constante,-5.8425,0,40,0.100000
3054,constante,-9.0984,0,40,0.100000
3055,constante,-6.4946,0,40,0.100000
3056,constante,-6.0485,0,40,0.100000
3057,constante,-12.0610,0,40,0.100000
3058,constante,-6.6206,0,40,0.100000
3059,constante,-11.8155,0,40,0.100000
3060,constante,-6.4209,0,40,0.100000
3061,constante,-6.2494,0,40,0.100000
3062,constante,-6.6206,0,40,0.100000
3063,constante,-20.5257,0,40,0.100000
3064,constante,-8.3799,0,40,0.100000
3065,constante,-6.4905,0,40,0.100000
3066,constante,-6.6206,0,40,0.100000
3067,constante,-5.0509,0,40,0.100000
3068,constante,-2.9814,0,40,0.100000
3069,constante,-6.4112,0,40,0.100000
3070,constante,-5.9763,0,40,0.100000
3071,constante,-5.4475,0,40,0.100000
3072,constante,-9.9746,0,40,0.100000
3073,constante,-6.3639,0,40,0.100000
3074,constante,-5.1591,0,40,0.100000
3075,constante,-5.6838,0,40,0.100000
3076,constante,-18.4952,0,40,0.100000
3077,constante,-6.6206,0,40,0.100000
3078,constante,-6.2754,0,40,0.100000
3079,constante,-19.8626,0,40,0.100000
3080,constante,-18.9770,0,40,0.100000
3081,constante,-6.1825,0,40,0.100000
3082,constante,-17.8397,0,40,0.100000
3083,constante,-4.6053,0,40,0.100000
3084,constante,-11.3329,0,40,0.100000
3085,constante,-6.1367,0,40,0.100000
3086,constante,-6.6206,0,40,0.100000
3087,constante,-5.4057,0,40,0.100000
3088,constante,-6.0423,0,40,0.100000
3089,constante,-6.6206,0,40,0.100000
3090,constante,-6.3263,0,40,0.100000
3091,constante,-10.6957,0,40,0.100000
3092,constante,-6.4331,0,40,0.100000
3093,constante,-14.4723,0,40,0.100000
3094,constante,-7.9727,0,40,0.100000
3095,constante,-15.6930,0,40,0.100000
3096,constante,-4.7366,0,40,0.100000
3097,constante,-7.0744,0,40,0.100000
3098,constante,-6.4868,0,40,0.100000
3099,constante,-17.9644,0,40,0.100000
3100,constante,-6.6389,0,40,0.100000
3101,constante,-6.4471,0,40,0.100000
3102,constante,-6.6206,0,40,0.100000
3103,constante,-6.4629,0,40,0.100000
3104,constante,-5.9630,0,40,0.100000
3105,constante,-5.5290,0,40,0.100000
3106,constante,-6.4694,0,40,0.100000
3107,constante,-9.7957,0,40,0.100000
3108,constante,-5.5213,0,40,0.100000
3109,constante,-5.4798,0,40,0.100000
3110,constante,-19.7178,0,40,0.100000
3111,constante,-6.6206,0,40,0.100000
3112,constante,-5.9359,0,40,0.100000
3113,constante,-6.4597,0,40,0.100000
3114,constante,-4.6610,0,40,0.100000
3115,constante,-6.5967,0,40,0.100000
3116,constante,-4.7610,0,40,0.100000
3117,constante,-4.9823,0,40,0.100000
3118,constante,-6.6387,0,40,0.100000
3119,constante,-21.7548,0,40,0.100000
3120,constante,-5.3186,0,40,0.100000
3121,constante,-6.6180,0,40,0.100000
3122,constante,-21.3965,0,40,0.100000
3123,constante,-6.0148,0,40,0.100000
3124,constante,-13.9769,0,40,0.100000
3125,constante,-19.6464,0,40,0.100000
3126,constante,-16.5343,0,40,0.100000
3127,constante,-13.3070,0,40,0.100000
3128,constante,-5.5962,0,40,0.100000
3129,constante,-20.1186,0,40,0.100000
3130,constante,-8.9580,0,40,0.100000
3131,constante,-10.1204,0,40,0.100000
3132,constante,-6.9501,0,40,0.100000
3133,constante,-5.9422,0,40,0.100000
3134,constante,-6.0616,0,40,0.100000
3135,constante,-6.6206,0,40,0.100000
3136,constante,-7.5837,0,40,0.100000
3137,constante,-23.4969,0,40,0.100000
3138,constante,-5.9072,0,40,0.100000
3139,constante,-5.5695,0,40,0.100000
3140,constante,-4.8844,0,40,0.100000
3141,constante,-16.4285,0,40,0.100000
3142,constante,-6.3135,0,40,0.100000
3143,constante,-9.1550,0,40,0.100000
3144,constante,-12.7755,0,40,0.100000
3145,constante,-5.5073,0,40,0.100000
3146,constante,-5.9628,0,40,0.100000
3147,constante,-4.3208,0,40,0.100000
3148,constante,-6.5146,0,40,0.100000
3149,constante,-6.6349,0,40,0.100000
3150,constante,-6.2533,0,40,0.100000
3151,constante,-6.6495,0,40,0.100000
3152,constante,-6.6206,0,40,0.100000
3153,constante,-12.1368,0,40,0.100000
3154,constante,-5.9702,0,40,0.100000
3155,constante,-6.1530,0,40,0.100000
3156,constante,-5.9860,0,40,0.100000
3157,constante,-6.1641,0,40,0.100000
3158,constante,-6.1341,0,40,0.100000
3159,constante,-5.4690,0,40,0.100000
3160,constante,-6.3393,0,40,0.100000
3161,constante,-5.4581,0,40,0.100000
3162,constante,-15.6887,0,40,0.100000
3163,constante,-6.2864,0,40,0.100000
3164,constante,-5.1428,0,40,0.100000
3165,constante,-6.1437,0,40,0.100000
3166,constante,-20.8961,0,40,0.100000
3167,constante,-5.9717,0,40,0.100000
3168,constante,-5.5467,0,40,0.100000
3169,constante,-5.1149,0,40,0.100000
3170,constante,-5.7266,0,40,0.100000
3171,constante,-6.6206,0,40,0.100000
3172,constante,-5.1195,0,40,0.100000
3173,constante,-6.3857,0,40,0.100000
3174,constante,-6.2318,0,40,0.100000
3175,constante,-12.5646,0,40,0.100000
3176,constante,-6.1119,0,40,0.100000
3177,constante,-6.6206,0,40,0.100000
3178,constante,-6.0563,0,40,0.100000
3179,constante,-6.0008,0,40,0.100000
3180,constante,-6.4027,0,40,0.100000
3181,constante,-6.5955,0,40,0.100000
3182,constante,-5.0567,0,40,0.100000
3183,constante,-5.7893,0,40,0.100000
3184,constante,-17.6230,0,40,0.100000
3185,constante,-6.6206,0,40,0.100000
3186,constante,-10.3236,0,40,0.100000
3187,constante,-5.6412,0,40,0.100000
3188,constante,-6.2465,0,40,0.100000
3189,constante,-16.0143,0,40,0.100000
3190,constante,-5.6284,0,40,0.100000
3191,constante,-6.6206,0,40,0.100000
3192,constante,-6.0865,0,40,0.100000
3193,constante,-5.1832,0,40,0.100000
3194,constante,-4.5750,0,40,0.100000
3195,constante,-17.6330,0,40,0.100000
3196,constante,-11.2049,0,40,0.100000
3197,constante,-8.6764,0,40,0.100000
3198,constante,-17.7634,0,40,0.100000
3199,constante,-6.5714,0,40,0.100000
3200,constante,-21.7164,0,40,0.100000
3201,constante,-4.6331,0,40,0.100000
3202,constante,-5.0806,0,40,0.100000
3203,constante,-5.4820,0,40,0.100000
3204,constante,-5.7016,0,40,0.100000
3205,constante,-5.9665,0,40,0.100000
3206,constante,-5.8831,0,40,0.100000
3207,constante,-12.4202,0,40,0.100000
3208,constante,-6.0279,0,40,0.100000
3209,constante,-6.6206,0,40,0.100000
3210,constante,-5.5810,0,40,0.100000
3211,constante,-5.1609,0,40,0.100000
3212,constante,-5.7071,0,40,0.100000
3213,constante,-8.4952,0,40,0.100000
3214,constante,-6.4812,0,40,0.100000
3215,constante,-5.8373,0,40,0.100000
3216,constante,-6.4129,0,40,0.100000
3217,constante,-6.4447,0,40,0.100000
3218,constante,-6.3566,0,40,0.100000
3219,constante,-20.5753,0,40,0.100000
3220,constante,-5.5061,0,40,0.100000
3221,constante,-5.1456,0,40,0.100000
3222,constante,-20.7425,0,40,0.100000
3223,constante,-6.1400,0,40,0.100000
3224,constante,-6.6206,0,40,0.100000
3225,constante,-5.6296,0,40,0.100000
3226,constante,-6.2917,0,40,0.100000
3227,constante,-16.1959,0,40,0.100000
3228,constante,-6.6245,0,40,0.100000
3229,constante,-6.4125,0,40,0.100000
3230,constante,-5.7141,0,40,0.100000
3231,constante,-6.3175,0,40,0.100000
3232,constante,-5.1593,0,40,0.100000
3233,constante,-6.3790,0,40,0.100000
3234,constante,-13.2225,0,40,0.100000
3235,constante,-17.9024,0,40,0.100000
3236,constante,-4.1606,0,40,0.100000
3237,constante,-4.6784,0,40,0.100000
3238,constante,-5.5898,0,40,0.100000
3239,constante,-6.3245,0,40,0.100000
3240,constante,-5.8648,0,40,0.100000
3241,constante,-4.8769,0,40,0.100000
3242,constante,-10.1625,0,40,0.100000
3243,constante,-12.4965,0,40,0.100000
3244,constante,-6.3198,0,40,0.100000
3245,constante,-6.6206,0,40,0.100000
3246,constante,-6.5733,0,40,0.100000
3247,constante,-6.6393,0,40,0.100000
3248,constante,-14.1030,0,40,0.100000
3249,constante,-10.7512,0,40,0.100000
3250,constante,-9.6354,0,40,0.100000
3251,constante,-6.2634,0,40,0.100000
3252,constante,-6.2886,0,40,0.100000
3253,constante,-6.4070,0,40,0.100000
3254,constante,-5.7495,0,40,0.100000
3255,constante,-5.0300,0,40,0.100000
3256,constante,-6.6206,0,40,0.100000
3257,constante,-19.7931,0,40,0.100000
3258,constante,-6.6206,0,40,0.100000
3259,constante,-14.7279,0,40,0.100000
3260,constante,-6.3900,0,40,0.100000
3261,constante,-17.0006,0,40,0.100000
3262,constante,-6.2080,0,40,0.100000
3263,constante,-5.8722,0,40,0.100000
3264,constante,-23.7578,0,40,0.100000
3265,constante,-7.7998,0,40,0.100000
3266,constante,-17.4004,0,40,0.100000
3267,constante,-5.9462,0,40,0.100000
3268,constante,-6.0833,0,40,0.100000
3269,constante,-20.2015,0,40,0.100000
3270,constante,-6.6707,0,40,0.100000
3271,constante,-6.1617,0,40,0.100000
3272,constante,-20.2625,0,40,0.100000
3273,constante,-12.2509,0,40,0.100000
3274,constante,-5.8368,0,40,0.100000
3275,constante,-20.9638,0,40,0.100000
3276,constante,-6.3625,0,40,0.100000
3277,constante,-7.6395,0,40,0.100000
3278,constante,-5.7820,0,40,0.100000
3279,constante,-5.4462,0,40,0.100000
3280,constante,-14.1970,0,40,0.100000
3281,constante,-6.2845,0,40,0.100000
3282,constante,-3.9943,0,40,0.100000
3283,constante,-5.2877,0,40,0.100000
3284,constante,-17.1132,0,40,0.100000
3285,constante,-8.9216,0,40,0.100000
3286,constante,-16.0905,0,40,0.100000
3287,constante,-7.7880,0,40,0.100000
3288,constante,-17.7767,0,40,0.100000
3289,constante,-9.5872,0,40,0.100000
3290,constante,-13.2711,0,40,0.100000
3291,constante,-5.4212,0,40,0.100000
3292,constante,-6.1258,0,40,0.100000
3293,constante,-5.9337,0,40,0.100000
3294,constante,-6.3166,0,40,0.100000
3295,constante,-11.3181,0,40,0.100000
3296,constante,-8.0498,0,40,0.100000
3297,constante,-8.8685,0,40,0.100000
3298,constante,-6.0929,0,40,0.100000
3299,constante,-16.3068,0,40,0.100000
3300,constante,-14.5835,0,40,0.100000
3301,constante,-16.3540,0,40,0.100000
3302,constante,-6.2266,0,40,0.100000
3303,constante,-6.2896,0,40,0.100000
3304,constante,-11.0053,0,40,0.100000
3305,constante,-6.0988,0,40,0.100000
3306,constante,-23.5527,0,40,0.100000
3307,constante,-5.3623,0,40,0.100000
3308,constante,-11.1841,0,40,0.100000
3309,constante,-21.0877,0,40,0.100000
3310,constante,-5.8868,0,40,0.100000
3311,constante,-5.8861,0,40,0.100000
3312,constante,-5.6307,0,40,0.100000
3313,constante,-6.6206,0,40,0.100000
3314,constante,-5.7973,0,40,0.100000
3315,constante,-5.8006,0,40,0.100000
3316,constante,-6.1290,0,40,0.100000
3317,constante,-20.0815,0,40,0.100000
3318,constante,-6.3966,0,40,0.100000
3319,constante,-10.3815,0,40,0.100000
3320,constante,-6.7848,0,40,0.100000
3321,constante,-6.3239,0,40,0.100000
3322,constante,-5.4409,0,40,0.100000
3323,constante,-6.3263,0,40,0.100000
3324,constante,-18.9515,0,40,0.100000
3325,constante,-6.6206,0,40,0.100000
3326,constante,-9.6900,0,40,0.100000
3327,constante,-5.0928,0,40,0.100000
3328,constante,-6.6206,0,40,0.100000
3329,constante,-5.3732,0,40,0.100000
3330,constante,-11.0216,0,40,0.100000
3331,constante,-13.5938,0,40,0.100000
3332,constante,-6.6206,0,40,0.100000
3333,constante,-6.5962,0,40,0.100000
3334,constante,-22.6333,0,40,0.100000
3335,constante,-12.5236,0,40,0.100000
3336,constante,-4.9689,0,40,0.100000
3337,constante,-9.3982,0,40,0.100000
3338,constante,-6.6206,0,40,0.100000
3339,constante,-11.7905,0,40,0.100000
3340,constante,-6.3825,0,40,0.100000
3341,constante,-6.3491,0,40,0.100000
3342,constante,-6.3436,0,40,0.100000
3343,constante,-6.2823,0,40,0.100000
3344,constante,-5.7203,0,40,0.100000
3345,constante,-6.1411,0,40,0.100000
3346,constante,-6.6206,0,40,0.100000
3347,constante,-5.1367,0,40,0.100000
3348,constante,-7.0972,0,40,0.100000
3349,constante,-6.4631,0,40,0.100000
3350,constante,-5.6270,0,40,0.100000
3351,constante,-20.0857,0,40,0.100000
3352,constante,-16.2085,0,40,0.100000
3353,constante,-14.5157,0,40,0.100000
3354,constante,-9.3308,0,40,0.100000
3355,constante,-5.2596,0,40,0.100000
3356,constante,-5.8356,0,40,0.100000
3357,constante,-9.6205,0,40,0.100000
3358,constante,-5.1605,0,40,0.100000
3359,constante,-6.6206,0,40,0.100000
3360,constante,-12.8113,0,40,0.100000
3361,constante,-6.6206,0,40,0.100000
3362,constante,-5.6188,0,40,0.100000
3363,constante,-5.1481,0,40,0.100000
3364,constante,-6.4237,0,40,0.100000
3365,constante,-5.9991,0,40,0.100000
3366,constante,-5.7950,0,40,0.100000
3367,constante,-6.6549,0,40,0.100000
3368,constante,-6.1612,0,40,0.100000
3369,constante,-3.4455,0,40,0.100000
3370,constante,-20.1781,0,40,0.100000
3371,constante,-5.2680,0,40,0.100000
3372,constante,-6.6206,0,40,0.100000
3373,constante,-5.9302,0,40,0.100000
3374,constante,-20.8542,0,40,0.100000
3375,constante,-7.2751,0,40,0.100000
3376,constante,-14.6673,0,40,0.100000
3377,constante,-5.4152,0,40,0.100000
3378,constante,-6.0873,0,40,0.100000
3379,constante,-6.6206,0,40,0.100000
3380,constante,-7.8060,0,40,0.100000
3381,constante,-6.3715,0,40,0.100000
3382,constante,-15.3574,0,40,0.100000
3383,constante,-10.4358,0,40,0.100000
3384,constante,-18.3321,0,40,0.100000
3385,constante,-6.6206,0,40,0.100000
3386,constante,-6.5598,0,40,0.100000
3387,constante,-9.9641,0,40,0.100000
3388,constante,-6.2464,0,40,0.100000
3389,constante,-9.3671,0,40,0.100000
3390,constante,-5.1061,0,40,0.100000
3391,constante,-21.4578,0,40,0.100000
3392,constante,-6.2359,0,40,0.100000
3393,constante,-4.9943,0,40,0.100000
3394,constante,-5.8733,0,40,0.100000
3395,constante,-6.1186,0,40,0.100000
3396,constante,-6.0026,0,40,0.100000
3397,constante,-6.3528,0,40,0.100000
3398,constante,-5.7355,0,40,0.100000
3399,constante,-17.4009,0,40,0.100000
3400,constante,-6.1457,0,40,0.100000
3401,constante,-5.9373,0,40,0.100000
3402,constante,-6.0649,0,40,0.100000
3403,constante,-6.6587,0,40,0.100000
3404,constante,-20.8607,0,40,0.100000
3405,constante,-5.8895,0,40,0.100000
3406,constante,-5.4238,0,40,0.100000
3407,constante,-5.3796,0,40,0.100000
3408,constante,-5.4296,0,40,0.100000
3409,constante,-6.7250,0,40,0.100000
3410,constante,-6.7964,0,40,0.100000
3411,constante,-6.3484,0,40,0.100000
3412,constante,-4.2881,0,40,0.100000
3413,constante,-12.6243,0,40,0.100000
3414,constante,-8.6917,0,40,0.100000
3415,constante,-5.0605,0,40,0.100000
3416,constante,-10.1377,0,40,0.100000
3417,constante,-5.5459,0,40,0.100000
3418,constante,-5.9674,0,40,0.100000
3419,constante,-6.6206,0,40,0.100000
3420,constante,-6.7102,0,40,0.100000
3421,constante,-6.4268,0,40,0.100000
3422,constante,-16.7923,0,40,0.100000
3423,constante,-20.0338,0,40,0.100000
3424,constante,-6.6206,0,40,0.100000
3425,constante,-23.0128,0,40,0.100000
3426,constante,-14.4451,0,40,0.100000
3427,constante,-6.3098,0,40,0.100000
3428,constante,-8.8394,0,40,0.100000
3429,constante,-5.9131,0,40,0.100000
3430,constante,-12.1456,0,40,0.100000
3431,constante,-5.3543,0,40,0.100000
3432,constante,-6.6206,0,40,0.100000
3433,constante,-13.4929,0,40,0.100000
3434,constante,-22.6062,0,40,0.100000
3435,constante,-3.1484,0,40,0.100000
3436,constante,-5.9363,0,40,0.100000
3437,constante,-6.1969,0,40,0.100000
3438,constante,-4.7693,0,40,0.100000
3439,constante,-18.3261,0,40,0.100000
3440,constante,-4.7145,0,40,0.100000
3441,constante,-4.5903,0,40,0.100000
3442,constante,-6.5143,0,40,0.100000
3443,constante,-5.9764,0,40,0.100000
3444,constante,-16.3347,0,40,0.100000
3445,constante,-6.3703,0,40,0.100000
3446,constante,-5.5556,0,40,0.100000
3447,constante,-9.1724,0,40,0.100000
3448,constante,-18.9684,0,40,0.100000
3449,constante,-6.6206,0,40,0.100000
3450,constante,-5.5882,0,40,0.100000
3451,constante,-6.0981,0,40,0.100000
3452,constante,-4.2530,0,40,0.100000
3453,constante,-6.2880,0,40,0.100000
3454,constante,-6.2140,0,40,0.100000
3455,constante,-6.4254,0,40,0.100000
3456,constante,-12.1199,0,40,0.100000
3457,constante,-12.7782,0,40,0.100000
3458,constante,-6.0807,0,40,0.100000
3459,constante,-13.6480,0,40,0.100000
3460,constante,-5.2991,0,40,0.100000
3461,constante,-14.5525,0,40,0.100000
3462,constante,-6.5463,0,40,0.100000
3463,constante,-6.4535,0,40,0.100000
3464,constante,-6.0389,0,40,0.100000
3465,constante,-5.3266,0,40,0.100000
3466,constante,-12.2821,0,40,0.100000
3467,constante,-6.6206,0,40,0.100000
3468,constante,-6.1780,0,40,0.100000
3469,constante,-6.6495,0,40,0.100000
3470,constante,-5.7883,0,40,0.100000
3471,constante,-15.4387,0,40,0.100000
3472,constante,-6.0913,0,40,0.100000
3473,constante,-6.2309,0,40,0.100000
3474,constante,-11.7741,0,40,0.100000
3475,constante,-5.7252,0,40,0.100000
3476,constante,-6.0400,0,40,0.100000
3477,constante,-6.6206,0,40,0.100000
3478,constante,-7.5337,0,40,0.100000
3479,constante,-6.2078,0,40,0.100000
3480,constante,-14.7934,0,40,0.100000
3481,constante,-22.7736,0,40,0.100000
3482,constante,-9.6221,0,40,0.100000
3483,constante,-6.2840,0,40,0.100000
3484,constante,-6.4018,0,40,0.100000
3485,constante,-6.6206,0,40,0.100000
3486,constante,-10.3575,0,40,0.100000
3487,constante,-10.4148,0,40,0.100000
3488,constante,-6.4986,0,40,0.100000
3489,constante,-5.9484,0,40,0.100000
3490,constante,-4.4622,0,40,0.100000
3491,constante,-5.9651,0,40,0.100000
3492,constante,-6.2332,0,40,0.100000
3493,constante,-19.3962,0,40,0.100000
3494,constante,-6.3247,0,40,0.100000
3495,constante,-16.1037,0,40,0.100000
3496,constante,-9.3572,0,40,0.100000
3497,constante,-5.3675,0,40,0.100000
3498,constante,-10.9478,0,40,0.100000
3499,constante,-19.0213,0,40,0.100000
0,decreciente,-6.3063,0,40,1.000000
1,decreciente,-14.2069,0,40,0.998000
2,decreciente,-7.0801,0,40,0.996004
3,decreciente,-10.9763,0,40,0.994012
4,decreciente,-15.1859,0,40,0.992024
5,decreciente,-14.4489,0,40,0.990040
6,decreciente,-2.6713,0,40,0.988060
7,decreciente,2.4106,0,40,0.986084
8,decreciente,-2.8317,0,40,0.984112
9,decreciente,-9.9998,0,40,0.982143
10,decreciente,-4.2868,0,40,0.980179
11,decreciente,-8.6712,0,40,0.978219
12,decreciente,0.4971,0,40,0.976262
13,decreciente,-8.5765,0,40,0.974310
14,decreciente,-13.3971,0,40,0.972361
15,decreciente,-3.2926,0,40,0.970416
16,decreciente,-15.2672,0,40,0.968476
17,decreciente,-3.0207,0,40,0.966539
18,decreciente,-10.8511,0,40,0.964606
19,decreciente,-2.5269,0,40,0.962676
20,decreciente,4.4847,0,40,0.960751
21,decreciente,-19.2346,0,40,0.958829
22,decreciente,-14.8151,0,40,0.956912
23,decreciente,-4.4559,0,40,0.954998
24,decreciente,-10.8628,0,40,0.953088
25,decreciente,-12.7989,0,40,0.951182
26,decreciente,-11.3253,0,40,0.949279
27,decreciente,2.5973,0,40,0.947381
28,decreciente,-3.3907,0,40,0.945486
29,decreciente,-13.8762,0,40,0.943595
30,decreciente,-6.3594,0,40,0.941708
31,decreciente,-4.2286,0,40,0.939825
32,decreciente,-11.7915,0,40,0.937945
33,decreciente,-8.2075,0,40,0.936069
34,decreciente,-16.2687,0,40,0.934197
35,decreciente,-10.4318,0,40,0.932328
36,decreciente,-11.6223,0,40,0.930464
37,decreciente,0.4269,0,40,0.928603
38,decreciente,4.2355,0,40,0.926746
39,decreciente,-14.2807,0,40,0.924892
40,decreciente,-5.7529,0,40,0.923042
41,decreciente,-2.4689,0,40,0.921196
42,decreciente,-0.6590,0,40,0.919354
43,decreciente,-3.7298,0,40,0.917515
44,decreciente,-8.3184,0,40,0.915680
45,decreciente,-2.0239,0,40,0.913849
46,decreciente,-12.4289,0,40,0.912021
47,decreciente,-3.8190,0,40,0.910197
48,decreciente,-12.7247,0,40,0.908377
49,decreciente,-3.0821,0,40,0.906560
50,decreciente,-2.4240,0,40,0.904747
51,decreciente,0.0550,0,40,0.902937
52,decreciente,-10.1978,0,40,0.901131
53,decreciente,-3.9103,0,40,0.899329
54,decreciente,-9.5842,0,40,0.897531
55,decreciente,3.1999,0,40,0.895735
56,decreciente,-3.6322,0,40,0.893944
57,decreciente,-5.5882,0,40,0.892156
58,decreciente,-10.5053,0,40,0.890372
59,decreciente,-1.9619,0,40,0.888591
60,decreciente,-7.2622,0,40,0.886814
61,decreciente,-5.4607,0,40,0.885040
62,decreciente,-15.6794,0,40,0.883270
63,decreciente,-2.2771,0,40,0.881504
64,decreciente,-1.7195,0,40,0.879741
65,decreciente,-8.9362,0,40,0.877981
66,decreciente,-12.3910,0,40,0.876225
67,decreciente,-15.8981,0,40,0.874473
68,decreciente,1.1524,0,40,0.872724
69,decreciente,-5.7707,0,40,0.870978
70,decreciente,-3.2352,0,40,0.869236
71,decreciente,-3.7947,0,40,0.867498
72,decreciente,-2.0468,0,40,0.865763
73,decreciente,-2.2876,0,40,0.864031
74,decreciente,0.4264,0,40,0.862303
75,decreciente,-3.9873,0,40,0.860579
76,decreciente,-0.0923,0,40,0.858858
77,decreciente,-6.2397,0,40,0.857140
78,decreciente,-7.8688,0,40,0.855426
79,decreciente,-3.0229,0,40,0.853715
80,decreciente,-10.2700,0,40,0.852007
81,decreciente,-8.3976,0,40,0.850303
82,decreciente,-0.1383,0,40,0.848603
83,decreciente,-14.6014,0,40,0.846905
84,decreciente,-5.1137,0,40,0.845212
85,decreciente,-5.9330,0,40,0.843521
86,decreciente,0.2658,0,40,0.841834
87,decreciente,-1.8619,0,40,0.840151
88,decreciente,2.1460,0,40,0.838470
89,decreciente,-5.2900,0,40,0.836793
90,decreciente,0.4612,0,40,0.835120
91,decreciente,-11.0143,0,40,0.833449
92,decreciente,-15.1994,0,40,0.831783
93,decreciente,-6.5820,0,40,0.830119
94,decreciente,1.5159,0,40,0.828459
95,decreciente,-8.8441,0,40,0.826802
96,decreciente,-6.4219,0,40,0.825148
97,decreciente,-3.4527,0,40,0.823498
98,decreciente,-4.1530,0,40,0.821851
99,decreciente,-5.9710,0,40,0.820207
100,decreciente,1.9371,0,40,0.818567
101,decreciente,0.8700,0,40,0.816930
102,decreciente,-6.7190,0,40,0.815296
103,decreciente,-8.4089,0,40,0.813665
104,decreciente,-12.8587,0,40,0.812038
105,decreciente,-12.6978,0,40,0.810414
106,decreciente,-11.5027,0,40,0.808793
107,decreciente,-1.3103,0,40,0.807175
108,decreciente,-2.6332,0,40,0.805561
109,decreciente,1.1838,0,40,0.803950
110,decreciente,4.0130,0,40,0.802342
111,decreciente,-7.2391,0,40,0.800737
112,decreciente,2.0379,0,40,0.799136
113,decreciente,-3.4744,0,40,0.797538
114,decreciente,5.4117,0,40,0.795943
115,decreciente,-1.9485,0,40,0.794351
116,decreciente,-8.9503,0,40,0.792762
117,decreciente,-5.2219,0,40,0.791176
118,decreciente,-9.3365,0,40,0.789594
119,decreciente,-3.1275,0,40,0.788015
120,decreciente,-17.9509,0,40,0.786439
121,decreciente,1.4576,0,40,0.784866
122,decreciente,1.7102,0,40,0.783296
123,decreciente,-10.2737,0,40,0.781730
124,decreciente,-3.9514,0,40,0.780166
125,decreciente,-1.0773,0,40,0.778606
126,decreciente,-1.2493,0,40,0.777049
127,decreciente,-11.3104,0,40,0.775495
128,decreciente,-1.3434,0,40,0.773944
129,decreciente,-8.3747,0,40,0.772396
130,decreciente,-7.8186,0,40,0.770851
131,decreciente,-4.6124,0,40,0.769309
132,decreciente,-5.2863,0,40,0.767771
133,decreciente,-3.1565,0,40,0.766235
134,decreciente,-0.7966,0,40,0.764703
135,decreciente,-10.6221,0,40,0.763173
136,decreciente,-2.7504,0,40,0.761647
137,decreciente,-4.9012,0,40,0.760123
138,decreciente,-4.9850,0,40,0.758603
139,decreciente,-9.2090,0,40,0.757086
140,decreciente,-6.6536,0,40,0.755572
141,decreciente,4.4747,0,40,0.754061
142,decreciente,-4.6736,0,40,0.752553
143,decreciente,-12.2541,0,40,0.751047
144,decreciente,-5.4152,0,40,0.749545
145,decreciente,-0.5204,0,40,0.748046
146,decreciente,-0.7015,0,40,0.746550
147,decreciente,3.7735,0,40,0.745057
148,decreciente,-4.4665,0,40,0.743567
149,decreciente,0.2686,0,40,0.742080
150,decreciente,1.1870,0,40,0.740596
151,decreciente,3.1400,0,40,0.739115
152,decreciente,-12.0283,0,40,0.737636
153,decreciente,2.2174,0,40,0.736161
154,decreciente,-0.8536,0,40,0.734689
155,decreciente,-5.9330,0,40,0.733219
156,decreciente,0.4918,0,40,0.731753
157,decreciente,-6.5702,0,40,0.730289
158,decreciente,1.7386,0,40,0.728829
159,decreciente,-7.9398,0,40,0.727371
160,decreciente,-0.5638,0,40,0.725916
161,decreciente,-7.4333,0,40,0.724465
162,decreciente,-3.8596,0,40,0.723016
163,decreciente,-0.2562,0,40,0.721570
164,decreciente,-1.5228,0,40,0.720126
165,decreciente,2.6100,0,40,0.718686
166,decreciente,-5.5538,0,40,0.717249
167,decreciente,-8.3389,0,40,0.715814
168,decreciente,-4.7248,0,40,0.714383
169,decreciente,0.7835,0,40,0.712954
170,decreciente,-9.0391,0,40,0.711528
171,decreciente,-1.1260,0,40,0.710105
172,decreciente,-0.3992,0,40,0.708685
173,decreciente,-2.5248,0,40,0.707267
174,decreciente,-13.7630,0,40,0.705853
175,decreciente,0.2778,0,40,0.704441
176,decreciente,3.9550,0,40,0.703032
177,decreciente,-0.4171,0,40,0.701626
178,decreciente,73.5264,1,39,0.700223
179,decreciente,78.2535,1,32,0.698823
180,decreciente,-0.5240,0,40,0.697425
181,decreciente,-2.3444,0,40,0.696030
182,decreciente,3.1273,0,40,0.694638
183,decreciente,-1.0990,0,40,0.693249
184,decreciente,4.2640,0,40,0.691862
185,decreciente,-8.7030,0,40,0.690478
186,decreciente,3.0843,0,40,0.689098
187,decreciente,-9.3040,0,40,0.687719
188,decreciente,-8.0633,0,40,0.686344
189,decreciente,3.6979,0,40,0.684971
190,decreciente,0.0202,0,40,0.683601
191,decreciente,-5.8869,0,40,0.682234
192,decreciente,-10.2782,0,40,0.680870
193,decreciente,-3.4744,0,40,0.679508
194,decreciente,0.4728,0,40,0.678149
195,decreciente,0.4480,0,40,0.676793
196,decreciente,2.1192,0,40,0.675439
197,decreciente,0.4972,0,40,0.674088
198,decreciente,-3.1134,0,40,0.672740
199,decreciente,0.3793,0,40,0.671394
200,decreciente,-6.1251,0,40,0.670052
201,decreciente,2.7455,0,40,0.668712
202,decreciente,-10.1547,0,40,0.667374
203,decreciente,-7.2745,0,40,0.666039
204,decreciente,-7.4990,0,40,0.664707
205,decreciente,-0.8437,0,40,0.663378
206,decreciente,1.1963,0,40,0.662051
207,decreciente,80.2490,1,33,0.660727
208,decreciente,-1.3860,0,40,0.659406
209,decreciente,2.6246,0,40,0.658087
210,decreciente,4.2267,0,40,0.656771
211,decreciente,-4.4332,0,40,0.655457
212,decreciente,-1.3764,0,40,0.654146
213,decreciente,-0.6265,0,40,0.652838
214,decreciente,-6.4395,0,40,0.651532
215,decreciente,-2.6803,0,40,0.650229
216,decreciente,-4.4920,0,40,0.648929
217,decreciente,-0.7746,0,40,0.647631
218,decreciente,77.8921,1,34,0.646335
219,decreciente,-1.3896,0,40,0.645043
220,decreciente,0.5868,0,40,0.643753
221,decreciente,2.0386,0,40,0.642465
222,decreciente,-0.2355,0,40,0.641180
223,decreciente,79.4126,1,34,0.639898
224,decreciente,-3.9344,0,40,0.638618
225,decreciente,-2.4088,0,40,0.637341
226,decreciente,1.7030,0,40,0.636066
227,decreciente,-8.6654,0,40,0.634794
228,decreciente,-3.6449,0,40,0.633524
229,decreciente,-4.1728,0,40,0.632257
230,decreciente,-9.2225,0,40,0.630993
231,decreciente,1.4132,0,40,0.629731
232,decreciente,0.8042,0,40,0.628471
233,decreciente,-2.1723,0,40,0.627215
234,decreciente,2.4315,0,40,0.625960
235,decreciente,78.7241,1,35,0.624708
236,decreciente,77.8130,1,36,0.623459
237,decreciente,3.1743,0,40,0.622212
238,decreciente,70.8246,1,40,0.620967
239,decreciente,5.2055,0,40,0.619726
240,decreciente,4.2273,0,40,0.618486
241,decreciente,-0.7343,0,40,0.617249
242,decreciente,0.4318,0,40,0.616015
243,decreciente,-2.1017,0,40,0.614783
244,decreciente,75.0499,1,39,0.613553
245,decreciente,82.0395,1,28,0.612326
246,decreciente,0.9558,0,40,0.611101
247,decreciente,5.8205,0,40,0.609879
248,decreciente,6.8091,0,40,0.608659
249,decreciente,75.8222,1,39,0.607442
250,decreciente,0.8502,0,40,0.606227
251,decreciente,-5.2234,0,40,0.605015
252,decreciente,-0.2999,0,40,0.603805
253,decreciente,3.6257,0,40,0.602597
254,decreciente,75.5855,1,38,0.601392
255,decreciente,77.4323,1,38,0.600189
256,decreciente,0.1493,0,40,0.598989
257,decreciente,5.7583,0,40,0.597791
258,decreciente,1.6114,0,40,0.596595
259,decreciente,3.8878,0,40,0.595402
260,decreciente,79.0539,1,34,0.594211
261,decreciente,-0.6519,0,40,0.593023
262,decreciente,2.5913,0,40,0.591837
263,decreciente,5.6810,0,40,0.590653
264,decreciente,74.1601,1,37,0.589472
265,decreciente,2.6190,0,40,0.588293
266,decreciente,5.3369,0,40,0.587116
267,decreciente,3.1764,0,40,0.585942
268,decreciente,71.2620,1,39,0.584770
269,decreciente,86.1903,1,26,0.583600
270,decreciente,82.1886,1,30,0.582433
271,decreciente,3.4044,0,40,0.581268
272,decreciente,4.1219,0,40,0.580106
273,decreciente,3.5794,0,40,0.578946
274,decreciente,-3.7372,0,40,0.577788
275,decreciente,2.4826,0,40,0.576632
276,decreciente,3.8701,0,40,0.575479
277,decreciente,2.6299,0,40,0.574328
278,decreciente,79.1962,1,31,0.573179
279,decreciente,-0.4061,0,40,0.572033
280,decreciente,4.4661,0,40,0.570889
281,decreciente,3.9814,0,40,0.569747
282,decreciente,78.1975,1,35,0.568608
283,decreciente,-0.4007,0,40,0.567470
284,decreciente,2.3165,0,40,0.566335
285,decreciente,-5.0047,0,40,0.565203
286,decreciente,5.7021,0,40,0.564072
287,decreciente,2.3344,0,40,0.562944
288,decreciente,3.0774,0,40,0.561818
289,decreciente,4.8831,0,40,0.560695
290,decreciente,1.6478,0,40,0.559573
291,decreciente,7.3704,0,40,0.558454
292,decreciente,-7.8263,0,40,0.557337
293,decreciente,-0.5202,0,40,0.556223
294,decreciente,1.3386,0,40,0.555110
295,decreciente,2.7486,0,40,0.554000
296,decreciente,76.8406,1,36,0.552892
297,decreciente,-0.3733,0,40,0.551786
298,decreciente,2.0717,0,40,0.550683
299,decreciente,3.0045,0,40,0.549581
300,decreciente,4.4557,0,40,0.548482
301,decreciente,4.7385,0,40,0.547385
302,decreciente,3.7956,0,40,0.546290
303,decreciente,-2.2738,0,40,0.545198
304,decreciente,7.7811,0,40,0.544107
305,decreciente,70.4599,1,40,0.543019
306,decreciente,0.3408,0,40,0.541933
307,decreciente,3.2629,0,40,0.540849
308,decreciente,-1.7576,0,40,0.539767
309,decreciente,0.5775,0,40,0.538688
310,decreciente,3.5330,0,40,0.537611
311,decreciente,72.8250,1,39,0.536535
312,decreciente,79.5988,1,33,0.535462
313,decreciente,74.2445,1,39,0.534391
314,decreciente,2.5900,0,40,0.533323
315,decreciente,6.6741,0,40,0.532256
316,decreciente,5.7473,0,40,0.531191
317,decreciente,2.4885,0,40,0.530129
318,decreciente,5.0092,0,40,0.529069
319,decreciente,71.3393,1,39,0.528011
320,decreciente,1.7748,0,40,0.526955
321,decreciente,79.3754,1,36,0.525901
322,decreciente,4.8216,0,40,0.524849
323,decreciente,89.9215,1,22,0.523799
324,decreciente,3.3184,0,40,0.522752
325,decreciente,79.9412,1,35,0.521706
326,decreciente,1.5603,0,40,0.520663
327,decreciente,6.5516,0,40,0.519621
328,decreciente,2.6063,0,40,0.518582
329,decreciente,79.0794,1,33,0.517545
330,decreciente,6.3453,0,40,0.516510
331,decreciente,77.0661,1,36,0.515477
332,decreciente,2.2687,0,40,0.514446
333,decreciente,4.8415,0,40,0.513417
334,decreciente,4.0010,0,40,0.512390
335,decreciente,74.9394,1,39,0.511365
336,decreciente,4.9991,0,40,0.510343
337,decreciente,1.1301,0,40,0.509322
338,decreciente,78.5796,1,34,0.508303
339,decreciente,2.1945,0,40,0.507287
340,decreciente,-1.5488,0,40,0.506272
341,decreciente,90.2404,1,23,0.505260
342,decreciente,5.8047,0,40,0.504249
343,decreciente,72.4749,1,40,0.503241
344,decreciente,4.6532,0,40,0.502234
345,decreciente,79.0944,1,31,0.501230
346,decreciente,4.0764,0,40,0.500227
347,decreciente,2.4333,0,40,0.499227
348,decreciente,5.4823,0,40,0.498228
349,decreciente,4.1478,0,40,0.497232
350,decreciente,3.8327,0,40,0.496237
351,decreciente,-3.2984,0,40,0.495245
352,decreciente,5.3486,0,40,0.494254
353,decreciente,85.1258,1,26,0.493266
354,decreciente,3.0674,0,40,0.492279
355,decreciente,90.2619,1,23,0.491295
356,decreciente,77.2497,1,37,0.490312
357,decreciente,4.1396,0,40,0.489332
358,decreciente,2.4313,0,40,0.488353
359,decreciente,4.0708,0,40,0.487376
360,decreciente,0.7049,0,40,0.486401
361,decreciente,3.1537,0,40,0.485429
362,decreciente,-4.5347,0,40,0.484458
363,decreciente,86.5486,1,23,0.483489
364,decreciente,79.0700,1,33,0.482522
365,decreciente,75.8823,1,39,0.481557
366,decreciente,-6.0468,0,40,0.480594
367,decreciente,-0.6177,0,40,0.479633
368,decreciente,5.4261,0,40,0.478673
369,decreciente,0.4430,0,40,0.477716
370,decreciente,79.6935,1,31,0.476761
371,decreciente,78.8900,1,32,0.475807
372,decreciente,87.0419,1,27,0.474855
373,decreciente,0.3418,0,40,0.473906
374,decreciente,-1.0836,0,40,0.472958
375,decreciente,75.2214,1,38,0.472012
376,decreciente,4.4231,0,40,0.471068
377,decreciente,3.8328,0,40,0.470126
378,decreciente,-0.8130,0,40,0.469186
379,decreciente,72.4616,1,39,0.468247
380,decreciente,3.6390,0,40,0.467311
381,decreciente,70.6508,1,39,0.466376
382,decreciente,5.2567,0,40,0.465443
383,decreciente,76.3996,1,38,0.464512
384,decreciente,3.1639,0,40,0.463583
385,decreciente,71.9767,1,38,0.462656
386,decreciente,2.1170,0,40,0.461731
387,decreciente,90.3370,1,19,0.460807
388,decreciente,83.4601,1,30,0.459886
389,decreciente,71.1502,1,40,0.458966
390,decreciente,6.0931,0,40,0.458048
391,decreciente,77.0530,1,35,0.457132
392,decreciente,3.1356,0,40,0.456218
393,decreciente,77.6213,1,33,0.455305
394,decreciente,78.5258,1,35,0.454395
395,decreciente,82.3320,1,29,0.453486
396,decreciente,-3.1765,0,40,0.452579
397,decreciente,83.5442,1,27,0.451674
398,decreciente,82.9413,1,29,0.450770
399,decreciente,81.0074,1,33,0.449869
400,decreciente,2.4353,0,40,0.448969
401,decreciente,4.0779,0,40,0.448071
402,decreciente,4.8269,0,40,0.447175
403,decreciente,2.7123,0,40,0.446281
404,decreciente,77.0643,1,35,0.445388
405,decreciente,0.1930,0,40,0.444497
406,decreciente,79.0797,1,33,0.443608
407,decreciente,5.4843,0,40,0.442721
408,decreciente,-5.0047,0,40,0.441836
409,decreciente,2.7289,0,40,0.440952
410,decreciente,7.2750,0,40,0.440070
411,decreciente,74.1653,1,37,0.439190
412,decreciente,-2.7726,0,40,0.438312
413,decreciente,4.3819,0,40,0.437435
414,decreciente,2.5491,0,40,0.436560
415,decreciente,75.3458,1,38,0.435687
416,decreciente,89.9136,1,23,0.434816
417,decreciente,82.8759,1,28,0.433946
418,decreciente,7.3437,0,40,0.433078
419,decreciente,78.2121,1,35,0.432212
420,decreciente,75.2649,1,38,0.431348
421,decreciente,80.8427,1,30,0.430485
422,decreciente,4.5811,0,40,0.429624
423,decreciente,4.1110,0,40,0.428765
424,decreciente,2.3609,0,40,0.427907
425,decreciente,79.5631,1,34,0.427051
426,decreciente,85.2482,1,24,0.426197
427,decreciente,72.1862,1,40,0.425345
428,decreciente,78.2981,1,34,0.424494
429,decreciente,4.5333,0,40,0.423645
430,decreciente,77.7015,1,32,0.422798
431,decreciente,82.6005,1,31,0.421952
432,decreciente,4.3295,0,40,0.421108
433,decreciente,76.2387,1,37,0.420266
434,decreciente,74.3168,1,37,0.419426
435,decreciente,82.0424,1,30,0.418587
436,decreciente,75.8632,1,38,0.417750
437,decreciente,74.2620,1,40,0.416914
438,decreciente,78.9585,1,31,0.416080
439,decreciente,76.2418,1,35,0.415248
440,decreciente,77.4784,1,32,0.414418
441,decreciente,72.6560,1,38,0.413589
442,decreciente,90.1286,1,22,0.412762
443,decreciente,75.0720,1,38,0.411936
444,decreciente,77.9679,1,33,0.411112
445,decreciente,4.7569,0,40,0.410290
446,decreciente,5.7166,0,40,0.409469
447,decreciente,80.9077,1,33,0.408650
448,decreciente,3.9897,0,40,0.407833
449,decreciente,74.2116,1,39,0.407017
450,decreciente,-1.3071,0,40,0.406203
451,decreciente,3.7443,0,40,0.405391
452,decreciente,83.2488,1,30,0.404580
453,decreciente,78.2671,1,35,0.403771
454,decreciente,3.9447,0,40,0.402964
455,decreciente,79.8656,1,33,0.402158
456,decreciente,71.4337,1,39,0.401353
457,decreciente,1.9624,0,40,0.400551
458,decreciente,83.2701,1,29,0.399749
459,decreciente,84.1628,1,28,0.398950
460,decreciente,3.6603,0,40,0.398152
461,decreciente,80.8365,1,30,0.397356
462,decreciente,78.3459,1,32,0.396561
463,decreciente,5.0429,0,40,0.395768
464,decreciente,82.2152,1,31,0.394976
465,decreciente,77.6892,1,35,0.394186
466,decreciente,83.9755,1,29,0.393398
467,decreciente,82.0654,1,30,0.392611
468,decreciente,78.6203,1,33,0.391826
469,decreciente,81.3660,1,29,0.391042
470,decreciente,1.9943,0,40,0.390260
471,decreciente,88.3504,1,23,0.389480
472,decreciente,76.2163,1,35,0.388701
473,decreciente,85.1150,1,26,0.387923
474,decreciente,79.1518,1,34,0.387148
475,decreciente,5.2011,0,40,0.386373
476,decreciente,73.9094,1,39,0.385601
477,decreciente,1.8846,0,40,0.384829
478,decreciente,82.5982,1,32,0.384060
479,decreciente,81.4455,1,32,0.383292
480,decreciente,2.9916,0,40,0.382525
481,decreciente,3.0017,0,40,0.381760
482,decreciente,72.7675,1,38,0.380996
483,decreciente,74.3969,1,35,0.380234
484,decreciente,5.4065,0,40,0.379474
485,decreciente,5.9045,0,40,0.378715
486,decreciente,86.7476,1,27,0.377958
487,decreciente,-1.1396,0,40,0.377202
488,decreciente,2.7991,0,40,0.376447
489,decreciente,6.2786,0,40,0.375694
490,decreciente,91.3500,1,18,0.374943
491,decreciente,-0.1887,0,40,0.374193
492,decreciente,79.7160,1,34,0.373445
493,decreciente,4.7703,0,40,0.372698
494,decreciente,88.4184,1,22,0.371952
495,decreciente,2.5028,0,40,0.371209
496,decreciente,85.7144,1,28,0.370466
497,decreciente,88.8285,1,22,0.369725
498,decreciente,-1.1250,0,40,0.368986
499,decreciente,74.1070,1,39,0.368248
500,decreciente,2.3579,0,40,0.367511
501,decreciente,85.5048,1,28,0.366776
502,decreciente,83.3947,1,29,0.366043
503,decreciente,4.9074,0,40,0.365311
504,decreciente,82.9844,1,30,0.364580
505,decreciente,0.8725,0,40,0.363851
506,decreciente,79.8959,1,33,0.363123
507,decreciente,85.4678,1,25,0.362397
508,decreciente,3.9470,0,40,0.361672
509,decreciente,70.6839,1,40,0.360949
510,decreciente,84.7498,1,25,0.360227
511,decreciente,5.9672,0,40,0.359506
512,decreciente,76.0713,1,34,0.358787
513,decreciente,86.0401,1,27,0.358070
514,decreciente,80.0320,1,31,0.357354
515,decreciente,2.5493,0,40,0.356639
516,decreciente,83.0180,1,29,0.355926
517,decreciente,85.4621,1,26,0.355214
518,decreciente,5.4272,0,40,0.354503
519,decreciente,4.3017,0,40,0.353794
520,decreciente,78.1415,1,36,0.353087
521,decreciente,2.5158,0,40,0.352381
522,decreciente,74.3461,1,38,0.351676
523,decreciente,-0.3019,0,40,0.350973
524,decreciente,86.2407,1,24,0.350271
525,decreciente,3.5180,0,40,0.349570
526,decreciente,87.0982,1,24,0.348871
527,decreciente,82.2532,1,30,0.348173
528,decreciente,72.2412,1,38,0.347477
529,decreciente,88.0294,1,24,0.346782
530,decreciente,79.3836,1,32,0.346088
531,decreciente,83.0258,1,30,0.345396
532,decreciente,-2.2671,0,40,0.344705
533,decreciente,2.7736,0,40,0.344016
534,decreciente,89.8818,1,23,0.343328
535,decreciente,73.1542,1,39,0.342641
536,decreciente,84.0880,1,26,0.341956
537,decreciente,72.0255,1,40,0.341272
538,decreciente,82.4060,1,28,0.340589
539,decreciente,76.9526,1,36,0.339908
540,decreciente,88.2840,1,23,0.339228
541,decreciente,77.9148,1,36,0.338550
542,decreciente,3.9547,0,40,0.337873
543,decreciente,3.6368,0,40,0.337197
544,decreciente,72.9671,1,38,0.336523
545,decreciente,0.8602,0,40,0.335850
546,decreciente,93.3196,1,17,0.335178
547,decreciente,1.5244,0,40,0.334508
548,decreciente,79.4857,1,32,0.333839
549,decreciente,5.7181,0,40,0.333171
550,decreciente,7.2262,0,40,0.332505
551,decreciente,82.4529,1,29,0.331840
552,decreciente,71.8908,1,40,0.331176
553,decreciente,83.8751,1,29,0.330514
554,decreciente,82.5660,1,29,0.329853
555,decreciente,88.5202,1,23,0.329193
556,decreciente,86.9957,1,23,0.328534
557,decreciente,5.7284,0,40,0.327877
558,decreciente,80.5209,1,32,0.327222
559,decreciente,80.0374,1,35,0.326567
560,decreciente,6.3910,0,40,0.325914
561,decreciente,3.8534,0,40,0.325262
562,decreciente,84.6007,1,27,0.324612
563,decreciente,5.4706,0,40,0.323963
564,decreciente,90.4839,1,22,0.323315
565,decreciente,4.0024,0,40,0.322668
566,decreciente,76.0966,1,37,0.322023
567,decreciente,6.0710,0,40,0.321379
568,decreciente,7.9996,0,40,0.320736
569,decreciente,3.8040,0,40,0.320094
570,decreciente,7.8174,0,40,0.319454
571,decreciente,90.1618,1,21,0.318815
572,decreciente,72.9223,1,39,0.318178
573,decreciente,83.1173,1,31,0.317541
574,decreciente,81.1121,1,31,0.316906
575,decreciente,83.2795,1,30,0.316272
576,decreciente,3.2298,0,40,0.315640
577,decreciente,74.3264,1,39,0.315009
578,decreciente,76.7977,1,37,0.314379
579,decreciente,75.4524,1,36,0.313750
580,decreciente,82.1653,1,29,0.313122
581,decreciente,82.2617,1,33,0.312496
582,decreciente,2.2056,0,40,0.311871
583,decreciente,79.6864,1,34,0.311247
584,decreciente,82.7518,1,30,0.310625
585,decreciente,3.1591,0,40,0.310004
586,decreciente,79.3295,1,32,0.309384
587,decreciente,95.0214,1,19,0.308765
588,decreciente,78.9156,1,33,0.308147
589,decreciente,89.7488,1,24,0.307531
590,decreciente,86.5600,1,25,0.306916
591,decreciente,79.7426,1,31,0.306302
592,decreciente,84.2438,1,31,0.305689
593,decreciente,73.1035,1,39,0.305078
594,decreciente,72.8564,1,40,0.304468
595,decreciente,90.1806,1,21,0.303859
596,decreciente,2.1835,0,40,0.303251
597,decreciente,73.5090,1,40,0.302645
598,decreciente,2.9775,0,40,0.302039
599,decreciente,5.2301,0,40,0.301435
600,decreciente,88.1799,1,23,0.300833
601,decreciente,78.6526,1,32,0.300231
602,decreciente,83.5699,1,29,0.299630
603,decreciente,73.9262,1,38,0.299031
604,decreciente,74.5692,1,40,0.298433
605,decreciente,5.7707,0,40,0.297836
606,decreciente,77.8003,1,35,0.297241
607,decreciente,72.9531,1,39,0.296646
608,decreciente,78.0293,1,35,0.296053
609,decreciente,4.4629,0,40,0.295461
610,decreciente,74.1449,1,39,0.294870
611,decreciente,77.0495,1,39,0.294280
612,decreciente,86.2309,1,27,0.293691
613,decreciente,6.7388,0,40,0.293104
614,decreciente,7.1405,0,40,0.292518
615,decreciente,81.7956,1,30,0.291933
616,decreciente,84.4444,1,31,0.291349
617,decreciente,3.1072,0,40,0.290766
618,decreciente,83.8582,1,30,0.290185
619,decreciente,78.9855,1,33,0.289604
620,decreciente,73.7486,1,35,0.289025
621,decreciente,74.5057,1,38,0.288447
622,decreciente,78.6959,1,32,0.287870
623,decreciente,2.5175,0,40,0.287294
624,decreciente,6.5606,0,40,0.286720
625,decreciente,92.3914,1,19,0.286146
626,decreciente,81.6268,1,32,0.285574
627,decreciente,75.7855,1,35,0.285003
628,decreciente,5.7195,0,40,0.284433
629,decreciente,84.0713,1,29,0.283864
630,decreciente,91.5802,1,23,0.283296
631,decreciente,5.0215,0,40,0.282730
632,decreciente,77.7373,1,33,0.282164
633,decreciente,87.5664,1,25,0.281600
634,decreciente,76.2537,1,38,0.281037
635,decreciente,75.5820,1,39,0.280475
636,decreciente,83.6757,1,30,0.279914
637,decreciente,80.5772,1,31,0.279354
638,decreciente,76.9991,1,37,0.278795
639,decreciente,88.0417,1,25,0.278238
640,decreciente,78.2854,1,36,0.277681
641,decreciente,85.8418,1,24,0.277126
642,decreciente,75.0926,1,37,0.276572
643,decreciente,88.4216,1,23,0.276018
644,decreciente,85.0339,1,25,0.275466
645,decreciente,3.5566,0,40,0.274915
646,decreciente,89.6685,1,23,0.274366
647,decreciente,83.7044,1,29,0.273817
648,decreciente,78.4294,1,33,0.273269
649,decreciente,81.1713,1,31,0.272723
650,decreciente,72.1842,1,39,0.272177
651,decreciente,85.7137,1,29,0.271633
652,decreciente,84.6343,1,28,0.271090
653,decreciente,4.6195,0,40,0.270547
654,decreciente,73.1120,1,40,0.270006
655,decreciente,82.5788,1,29,0.269466
656,decreciente,2.1445,0,40,0.268927
657,decreciente,75.3106,1,34,0.268390
658,decreciente,83.8230,1,28,0.267853
659,decreciente,84.0194,1,27,0.267317
660,decreciente,82.7952,1,32,0.266782
661,decreciente,4.5403,0,40,0.266249
662,decreciente,90.1980,1,22,0.265716
663,decreciente,82.2622,1,30,0.265185
664,decreciente,77.2344,1,36,0.264655
665,decreciente,75.9902,1,39,0.264125
666,decreciente,81.2234,1,32,0.263597
667,decreciente,75.3162,1,35,0.263070
668,decreciente,93.4976,1,18,0.262544
669,decreciente,85.4866,1,24,0.262019
670,decreciente,92.7291,1,17,0.261495
671,decreciente,80.8043,1,29,0.260972
672,decreciente,87.0440,1,24,0.260450
673,decreciente,76.5987,1,35,0.259929
674,decreciente,2.5244,0,40,0.259409
675,decreciente,81.2815,1,30,0.258890
676,decreciente,78.2647,1,34,0.258372
677,decreciente,72.5807,1,39,0.257856
678,decreciente,82.7807,1,30,0.257340
679,decreciente,84.0089,1,30,0.256825
680,decreciente,87.0904,1,24,0.256311
681,decreciente,87.6421,1,25,0.255799
682,decreciente,82.6795,1,28,0.255287
683,decreciente,1.2584,0,40,0.254777
684,decreciente,86.0023,1,26,0.254267
685,decreciente,85.0574,1,26,0.253759
686,decreciente,80.4310,1,33,0.253251
687,decreciente,75.6180,1,36,0.252745
688,decreciente,90.1856,1,23,0.252239
689,decreciente,81.8028,1,31,0.251735
690,decreciente,83.5528,1,27,0.251231
691,decreciente,88.7458,1,26,0.250729
692,decreciente,75.0137,1,37,0.250227
693,decreciente,76.9901,1,36,0.249727
694,decreciente,96.3723,1,16,0.249227
695,decreciente,84.2523,1,27,0.248729
696,decreciente,3.9561,0,40,0.248231
697,decreciente,88.3524,1,22,0.247735
698,decreciente,88.6887,1,23,0.247239
699,decreciente,76.3660,1,37,0.246745
700,decreciente,77.7419,1,34,0.246252
701,decreciente,75.4359,1,34,0.245759
702,decreciente,2.4517,0,40,0.245267
703,decreciente,79.6736,1,33,0.244777
704,decreciente,83.9768,1,25,0.244287
705,decreciente,74.4523,1,37,0.243799
706,decreciente,75.4974,1,35,0.243311
707,decreciente,7.0369,0,40,0.242825
708,decreciente,75.2386,1,39,0.242339
709,decreciente,84.5952,1,29,0.241854
710,decreciente,83.0402,1,29,0.241371
711,decreciente,89.8329,1,20,0.240888
712,decreciente,75.0484,1,39,0.240406
713,decreciente,83.0040,1,28,0.239925
714,decreciente,84.6368,1,27,0.239445
715,decreciente,77.9368,1,33,0.238966
716,decreciente,89.6920,1,21,0.238489
717,decreciente,77.3031,1,36,0.238012
718,decreciente,89.0017,1,23,0.237536
719,decreciente,72.7938,1,40,0.237060
720,decreciente,81.8324,1,33,0.236586
721,decreciente,90.8512,1,21,0.236113
722,decreciente,77.4833,1,35,0.235641
723,decreciente,88.9514,1,26,0.235170
724,decreciente,76.8609,1,36,0.234699
725,decreciente,78.4520,1,33,0.234230
726,decreciente,76.4291,1,39,0.233761
727,decreciente,7.0527,0,40,0.233294
728,decreciente,83.5826,1,30,0.232827
729,decreciente,72.1339,1,40,0.232362
730,decreciente,83.0205,1,30,0.231897
731,decreciente,87.2312,1,26,0.231433
732,decreciente,75.5165,1,39,0.230970
733,decreciente,7.5069,0,40,0.230508
734,decreciente,82.4399,1,29,0.230047
735,decreciente,80.9249,1,33,0.229587
736,decreciente,80.7250,1,30,0.229128
737,decreciente,87.8491,1,24,0.228670
738,decreciente,84.1477,1,25,0.228213
739,decreciente,79.4397,1,34,0.227756
740,decreciente,82.2460,1,29,0.227301
741,decreciente,82.2748,1,33,0.226846
742,decreciente,87.4871,1,23,0.226392
743,decreciente,87.5722,1,26,0.225940
744,decreciente,89.8406,1,22,0.225488
745,decreciente,78.5962,1,33,0.225037
746,decreciente,76.5743,1,35,0.224587
747,decreciente,95.0522,1,16,0.224137
748,decreciente,79.8945,1,32,0.223689
749,decreciente,78.9229,1,33,0.223242
750,decreciente,5.4756,0,40,0.222795
751,decreciente,73.9551,1,38,0.222350
752,decreciente,88.1028,1,25,0.221905
753,decreciente,81.1979,1,31,0.221461
754,decreciente,77.6382,1,38,0.221018
755,decreciente,90.0235,1,20,0.220576
756,decreciente,83.4971,1,29,0.220135
757,decreciente,83.1657,1,33,0.219695
758,decreciente,83.1624,1,27,0.219255
759,decreciente,92.7827,1,20,0.218817
760,decreciente,77.0132,1,34,0.218379
761,decreciente,94.9947,1,18,0.217942
762,decreciente,80.7279,1,30,0.217507
763,decreciente,83.7638,1,30,0.217072
764,decreciente,75.6622,1,36,0.216637
765,decreciente,88.6716,1,23,0.216204
766,decreciente,89.7247,1,19,0.215772
767,decreciente,82.2440,1,31,0.215340
768,decreciente,73.8520,1,38,0.214910
769,decreciente,78.4424,1,35,0.214480
770,decreciente,89.1556,1,24,0.214051
771,decreciente,76.7963,1,34,0.213623
772,decreciente,81.4895,1,29,0.213195
773,decreciente,4.2840,0,40,0.212769
774,decreciente,78.2217,1,34,0.212343
775,decreciente,85.6533,1,24,0.211919
776,decreciente,83.6559,1,28,0.211495
777,decreciente,92.4229,1,19,0.211072
778,decreciente,82.9085,1,31,0.210650
779,decreciente,81.3841,1,30,0.210229
780,decreciente,87.9927,1,23,0.209808
781,decreciente,81.9105,1,33,0.209388
782,decreciente,81.3777,1,32,0.208970
783,decreciente,79.1640,1,33,0.208552
784,decreciente,6.8891,0,40,0.208135
785,decreciente,83.1267,1,29,0.207718
786,decreciente,84.5123,1,30,0.207303
787,decreciente,80.8151,1,31,0.206888
788,decreciente,83.6209,1,29,0.206475
789,decreciente,92.4826,1,17,0.206062
790,decreciente,92.1504,1,19,0.205649
791,decreciente,5.2695,0,40,0.205238
792,decreciente,88.7848,1,24,0.204828
793,decreciente,75.2330,1,40,0.204418
794,decreciente,80.7187,1,31,0.204009
795,decreciente,3.1572,0,40,0.203601
796,decreciente,91.0921,1,21,0.203194
797,decreciente,82.1987,1,28,0.202788
798,decreciente,78.7525,1,30,0.202382
799,decreciente,5.7297,0,40,0.201977
800,decreciente,83.6389,1,26,0.201573
801,decreciente,79.5008,1,33,0.201170
802,decreciente,74.1353,1,38,0.200768
803,decreciente,5.2582,0,40,0.200366
804,decreciente,86.4758,1,25,0.199966
805,decreciente,77.9510,1,32,0.199566
806,decreciente,76.7016,1,35,0.199166
807,decreciente,92.1301,1,19,0.198768
808,decreciente,81.0549,1,34,0.198371
809,decreciente,72.3542,1,40,0.197974
810,decreciente,90.6160,1,22,0.197578
811,decreciente,83.7944,1,27,0.197183
812,decreciente,75.4904,1,39,0.196788
813,decreciente,81.4021,1,31,0.196395
814,decreciente,76.3467,1,36,0.196002
815,decreciente,74.1911,1,36,0.195610
816,decreciente,92.1891,1,20,0.195219
817,decreciente,74.1218,1,40,0.194828
818,decreciente,2.3524,0,40,0.194439
819,decreciente,93.3466,1,17,0.194050
820,decreciente,86.2315,1,25,0.193662
821,decreciente,80.9704,1,29,0.193274
822,decreciente,76.7647,1,36,0.192888
823,decreciente,79.5698,1,32,0.192502
824,decreciente,88.5489,1,22,0.192117
825,decreciente,80.0617,1,33,0.191733
826,decreciente,81.5822,1,32,0.191349
827,decreciente,82.4946,1,30,0.190967
828,decreciente,83.9581,1,28,0.190585
829,decreciente,75.3728,1,38,0.190204
830,decreciente,84.4025,1,29,0.189823
831,decreciente,91.4580,1,19,0.189444
832,decreciente,80.7904,1,31,0.189065
833,decreciente,85.4475,1,27,0.188687
834,decreciente,83.9971,1,30,0.188309
835,decreciente,88.3247,1,24,0.187933
836,decreciente,88.4953,1,21,0.187557
837,decreciente,82.0239,1,29,0.187182
838,decreciente,77.4017,1,37,0.186807
839,decreciente,82.6993,1,29,0.186434
840,decreciente,83.5377,1,29,0.186061
841,decreciente,81.8505,1,33,0.185689
842,decreciente,85.7801,1,26,0.185317
843,decreciente,80.6985,1,31,0.184947
844,decreciente,84.1360,1,30,0.184577
845,decreciente,87.6807,1,25,0.184208
846,decreciente,87.0031,1,26,0.183839
847,decreciente,93.2324,1,18,0.183471
848,decreciente,81.5768,1,32,0.183104
849,decreciente,91.5465,1,22,0.182738
850,decreciente,8.0807,0,40,0.182373
851,decreciente,80.7014,1,31,0.182008
852,decreciente,86.9490,1,25,0.181644
853,decreciente,73.5474,1,38,0.181281
854,decreciente,77.2059,1,33,0.180918
855,decreciente,84.3959,1,26,0.180556
856,decreciente,83.7736,1,27,0.180195
857,decreciente,80.8653,1,32,0.179835
858,decreciente,79.2265,1,36,0.179475
859,decreciente,74.0889,1,40,0.179116
860,decreciente,91.3893,1,21,0.178758
861,decreciente,74.2756,1,38,0.178400
862,decreciente,84.0455,1,27,0.178044
863,decreciente,85.8944,1,26,0.177688
864,decreciente,75.5055,1,37,0.177332
865,decreciente,5.4283,0,40,0.176978
866,decreciente,81.2673,1,32,0.176624
867,decreciente,6.4326,0,40,0.176270
868,decreciente,75.2183,1,39,0.175918
869,decreciente,91.2650,1,19,0.175566
870,decreciente,76.5568,1,37,0.175215
871,decreciente,79.8518,1,31,0.174864
872,decreciente,73.8643,1,38,0.174515
873,decreciente,85.9918,1,25,0.174166
874,decreciente,5.4620,0,40,0.173817
875,decreciente,81.6996,1,31,0.173470
876,decreciente,87.3303,1,27,0.173123
877,decreciente,81.1570,1,30,0.172777
878,decreciente,77.6464,1,37,0.172431
879,decreciente,92.1075,1,21,0.172086
880,decreciente,87.8312,1,26,0.171742
881,decreciente,97.8806,1,16,0.171398
882,decreciente,80.9658,1,32,0.171056
883,decreciente,7.3040,0,40,0.170714
884,decreciente,87.5577,1,22,0.170372
885,decreciente,78.9971,1,33,0.170031
886,decreciente,81.5500,1,30,0.169691
887,decreciente,81.1220,1,31,0.169352
888,decreciente,84.2278,1,29,0.169013
889,decreciente,81.9294,1,32,0.168675
890,decreciente,98.3999,1,13,0.168338
891,decreciente,84.4883,1,27,0.168001
892,decreciente,83.6123,1,27,0.167665
893,decreciente,79.5099,1,34,0.167330
894,decreciente,80.6019,1,32,0.166995
895,decreciente,80.4006,1,32,0.166661
896,decreciente,4.8532,0,40,0.166328
897,decreciente,83.0490,1,26,0.165995
898,decreciente,87.6825,1,26,0.165663
899,decreciente,86.9958,1,25,0.165332
900,decreciente,75.0173,1,40,0.165001
901,decreciente,80.3099,1,31,0.164671
902,decreciente,82.2300,1,31,0.164342
903,decreciente,79.4077,1,31,0.164013
904,decreciente,82.1242,1,30,0.163685
905,decreciente,91.2438,1,22,0.163358
906,decreciente,77.2149,1,34,0.163031
907,decreciente,91.2202,1,21,0.162705
908,decreciente,83.8730,1,26,0.162380
909,decreciente,80.7315,1,32,0.162055
910,decreciente,93.7291,1,21,0.161731
911,decreciente,89.6943,1,25,0.161407
912,decreciente,88.3471,1,23,0.161084
913,decreciente,6.3666,0,40,0.160762
914,decreciente,6.0529,0,40,0.160441
915,decreciente,79.2691,1,31,0.160120
916,decreciente,84.3940,1,29,0.159800
917,decreciente,94.1607,1,18,0.159480
918,decreciente,81.1326,1,32,0.159161
919,decreciente,78.8469,1,34,0.158843
920,decreciente,78.2403,1,34,0.158525
921,decreciente,85.1042,1,27,0.158208
922,decreciente,82.5449,1,27,0.157892
923,decreciente,3.9587,0,40,0.157576
924,decreciente,6.6101,0,40,0.157261
925,decreciente,85.3430,1,25,0.156946
926,decreciente,81.3280,1,30,0.156632
927,decreciente,92.4134,1,21,0.156319
928,decreciente,79.2155,1,34,0.156006
929,decreciente,81.5072,1,31,0.155694
930,decreciente,82.9983,1,30,0.155383
931,decreciente,77.5234,1,34,0.155072
932,decreciente,3.7154,0,40,0.154762
933,decreciente,93.8626,1,19,0.154453
934,decreciente,92.9926,1,22,0.154144
935,decreciente,76.7746,1,36,0.153835
936,decreciente,80.3966,1,33,0.153528
937,decreciente,78.9185,1,32,0.153221
938,decreciente,81.6834,1,30,0.152914
939,decreciente,84.5718,1,28,0.152608
940,decreciente,86.3683,1,27,0.152303
941,decreciente,95.6555,1,17,0.151999
942,decreciente,82.1683,1,28,0.151695
943,decreciente,73.7991,1,39,0.151391
944,decreciente,84.4294,1,27,0.151088
945,decreciente,2.8793,0,40,0.150786
946,decreciente,72.7803,1,39,0.150485
947,decreciente,76.7664,1,37,0.150184
948,decreciente,83.2909,1,30,0.149883
949,decreciente,77.6253,1,36,0.149583
950,decreciente,3.0637,0,40,0.149284
951,decreciente,86.4566,1,27,0.148986
952,decreciente,80.8587,1,31,0.148688
953,decreciente,89.2795,1,21,0.148390
954,decreciente,90.9522,1,22,0.148094
955,decreciente,90.2647,1,21,0.147797
956,decreciente,88.3475,1,24,0.147502
957,decreciente,78.7388,1,31,0.147207
958,decreciente,87.1115,1,22,0.146912
959,decreciente,80.8233,1,30,0.146619
960,decreciente,77.1416,1,34,0.146325
961,decreciente,95.3820,1,17,0.146033
962,decreciente,90.3782,1,22,0.145741
963,decreciente,77.7133,1,34,0.145449
964,decreciente,77.9179,1,36,0.145158
965,decreciente,77.0839,1,33,0.144868
966,decreciente,78.9103,1,34,0.144578
967,decreciente,83.5828,1,31,0.144289
968,decreciente,89.7085,1,21,0.144000
969,decreciente,83.6035,1,25,0.143712
970,decreciente,84.6730,1,29,0.143425
971,decreciente,80.7377,1,30,0.143138
972,decreciente,78.7470,1,36,0.142852
973,decreciente,92.9328,1,20,0.142566
974,decreciente,78.8742,1,34,0.142281
975,decreciente,82.7817,1,31,0.141997
976,decreciente,82.0734,1,32,0.141713
977,decreciente,78.2707,1,35,0.141429
978,decreciente,86.4573,1,27,0.141146
979,decreciente,83.2248,1,30,0.140864
980,decreciente,85.9306,1,28,0.140582
981,decreciente,4.9495,0,40,0.140301
982,decreciente,85.3110,1,27,0.140020
983,decreciente,81.8090,1,28,0.139740
984,decreciente,82.6516,1,31,0.139461
985,decreciente,78.4376,1,37,0.139182
986,decreciente,74.6722,1,38,0.138904
987,decreciente,92.5591,1,19,0.138626
988,decreciente,83.8137,1,28,0.138349
989,decreciente,84.5267,1,25,0.138072
990,decreciente,76.8668,1,36,0.137796
991,decreciente,85.3383,1,27,0.137520
992,decreciente,77.8914,1,33,0.137245
993,decreciente,76.0923,1,36,0.136971
994,decreciente,78.2545,1,33,0.136697
995,decreciente,75.1707,1,37,0.136423
996,decreciente,83.8027,1,28,0.136150
997,decreciente,84.9425,1,25,0.135878
998,decreciente,86.6117,1,25,0.135606
999,decreciente,87.7394,1,26,0.135335
1000,decreciente,75.3819,1,38,0.135065
1001,decreciente,85.5048,1,25,0.134794
1002,decreciente,82.1171,1,32,0.134525
1003,decreciente,4.3284,0,40,0.134256
1004,decreciente,88.9431,1,24,0.133987
1005,decreciente,82.7876,1,30,0.133719
1006,decreciente,92.5838,1,21,0.133452
1007,decreciente,80.4120,1,29,0.133185
1008,decreciente,83.8264,1,28,0.132919
1009,decreciente,78.6459,1,31,0.132653
1010,decreciente,79.4596,1,35,0.132387
1011,decreciente,82.5304,1,29,0.132123
1012,decreciente,90.7676,1,19,0.131858
1013,decreciente,87.3847,1,25,0.131595
1014,decreciente,86.6632,1,26,0.131331
1015,decreciente,78.5938,1,32,0.131069
1016,decreciente,87.0122,1,24,0.130807
1017,decreciente,93.4952,1,21,0.130545
1018,decreciente,87.1699,1,25,0.130284
1019,decreciente,84.3127,1,26,0.130023
1020,decreciente,5.5679,0,40,0.129763
1021,decreciente,83.3004,1,28,0.129504
1022,decreciente,75.7032,1,36,0.129245
1023,decreciente,86.8760,1,23,0.128986
1024,decreciente,90.1729,1,24,0.128728
1025,decreciente,91.0965,1,22,0.128471
1026,decreciente,77.4265,1,33,0.128214
1027,decreciente,84.4185,1,27,0.127958
1028,decreciente,86.1945,1,27,0.127702
1029,decreciente,75.2350,1,36,0.127446
1030,decreciente,81.4797,1,32,0.127191
1031,decreciente,84.6811,1,27,0.126937
1032,decreciente,75.3900,1,39,0.126683
1033,decreciente,87.6683,1,25,0.126430
1034,decreciente,84.8190,1,29,0.126177
1035,decreciente,79.1158,1,33,0.125924
1036,decreciente,75.6875,1,36,0.125673
1037,decreciente,86.0306,1,25,0.125421
1038,decreciente,4.8303,0,40,0.125170
1039,decreciente,86.3103,1,25,0.124920
1040,decreciente,81.5971,1,30,0.124670
1041,decreciente,89.5758,1,21,0.124421
1042,decreciente,80.1287,1,31,0.124172
1043,decreciente,89.4423,1,21,0.123924
1044,decreciente,86.5104,1,24,0.123676
1045,decreciente,88.5777,1,23,0.123429
1046,decreciente,95.3689,1,18,0.123182
1047,decreciente,94.2490,1,18,0.122935
1048,decreciente,92.1608,1,20,0.122689
1049,decreciente,85.3806,1,28,0.122444
1050,decreciente,80.0868,1,32,0.122199
1051,decreciente,81.4930,1,29,0.121955
1052,decreciente,84.1244,1,27,0.121711
1053,decreciente,81.0557,1,34,0.121467
1054,decreciente,84.2115,1,26,0.121225
1055,decreciente,72.7740,1,39,0.120982
1056,decreciente,7.2548,0,40,0.120740
1057,decreciente,74.1871,1,40,0.120499
1058,decreciente,82.8655,1,30,0.120258
1059,decreciente,79.9463,1,32,0.120017
1060,decreciente,79.6589,1,32,0.119777
1061,decreciente,79.7217,1,34,0.119538
1062,decreciente,86.2762,1,26,0.119298
1063,decreciente,90.9719,1,21,0.119060
1064,decreciente,81.0704,1,31,0.118822
1065,decreciente,83.0969,1,27,0.118584
1066,decreciente,87.4875,1,27,0.118347
1067,decreciente,88.6958,1,24,0.118110
1068,decreciente,96.8963,1,15,0.117874
1069,decreciente,76.2021,1,36,0.117638
1070,decreciente,85.5431,1,28,0.117403
1071,decreciente,4.0825,0,40,0.117168
1072,decreciente,82.0788,1,33,0.116934
1073,decreciente,88.1418,1,24,0.116700
1074,decreciente,83.7020,1,30,0.116467
1075,decreciente,81.9018,1,29,0.116234
1076,decreciente,90.7122,1,21,0.116001
1077,decreciente,79.4142,1,30,0.115769
1078,decreciente,87.1868,1,23,0.115538
1079,decreciente,78.8730,1,34,0.115307
1080,decreciente,86.6294,1,28,0.115076
1081,decreciente,88.1034,1,24,0.114846
1082,decreciente,94.9505,1,18,0.114616
1083,decreciente,85.5190,1,29,0.114387
1084,decreciente,81.5713,1,31,0.114158
1085,decreciente,77.5060,1,37,0.113930
1086,decreciente,84.7222,1,29,0.113702
1087,decreciente,88.9580,1,25,0.113475
1088,decreciente,79.4208,1,36,0.113248
1089,decreciente,81.0930,1,34,0.113021
1090,decreciente,89.9082,1,21,0.112795
1091,decreciente,79.9250,1,32,0.112569
1092,decreciente,90.2996,1,23,0.112344
1093,decreciente,78.5538,1,31,0.112120
1094,decreciente,83.1413,1,30,0.111895
1095,decreciente,80.8052,1,34,0.111672
1096,decreciente,89.8226,1,23,0.111448
1097,decreciente,82.7472,1,29,0.111225
1098,decreciente,81.7815,1,30,0.111003
1099,decreciente,89.1431,1,23,0.110781
1100,decreciente,77.8502,1,31,0.110559
1101,decreciente,81.2499,1,30,0.110338
1102,decreciente,88.5014,1,24,0.110118
1103,decreciente,92.0944,1,20,0.109897
1104,decreciente,80.5812,1,32,0.109678
1105,decreciente,83.8711,1,29,0.109458
1106,decreciente,83.4424,1,30,0.109239
1107,decreciente,95.1209,1,19,0.109021
1108,decreciente,78.2701,1,35,0.108803
1109,decreciente,87.3825,1,23,0.108585
1110,decreciente,80.9483,1,28,0.108368
1111,decreciente,80.9882,1,33,0.108151
1112,decreciente,76.2759,1,37,0.107935
1113,decreciente,85.8467,1,26,0.107719
1114,decreciente,77.5518,1,37,0.107504
1115,decreciente,94.1348,1,18,0.107289
1116,decreciente,85.2150,1,25,0.107074
1117,decreciente,82.5705,1,30,0.106860
1118,decreciente,78.6453,1,33,0.106646
1119,decreciente,82.3346,1,27,0.106433
1120,decreciente,81.8276,1,31,0.106220
1121,decreciente,92.4613,1,19,0.106008
1122,decreciente,74.3472,1,38,0.105796
1123,decreciente,97.9285,1,13,0.105584
1124,decreciente,80.2179,1,34,0.105373
1125,decreciente,82.1589,1,32,0.105162
1126,decreciente,88.6239,1,21,0.104952
1127,decreciente,78.0415,1,35,0.104742
1128,decreciente,81.5811,1,30,0.104532
1129,decreciente,88.9930,1,24,0.104323
1130,decreciente,90.8486,1,20,0.104115
1131,decreciente,83.8072,1,28,0.103906
1132,decreciente,78.0077,1,34,0.103699
1133,decreciente,79.3682,1,34,0.103491
1134,decreciente,79.7815,1,33,0.103284
1135,decreciente,84.8600,1,26,0.103078
1136,decreciente,78.2464,1,36,0.102871
1137,decreciente,77.4135,1,35,0.102666
1138,decreciente,78.0774,1,34,0.102460
1139,decreciente,78.4074,1,34,0.102255
1140,decreciente,87.4399,1,25,0.102051
1141,decreciente,75.1920,1,38,0.101847
1142,decreciente,93.0243,1,20,0.101643
1143,decreciente,73.4109,1,38,0.101440
1144,decreciente,81.3632,1,33,0.101237
1145,decreciente,81.5049,1,29,0.101035
1146,decreciente,89.9596,1,21,0.100832
1147,decreciente,91.7165,1,18,0.100631
1148,decreciente,87.2922,1,27,0.100430
1149,decreciente,80.9559,1,30,0.100229
1150,decreciente,81.5990,1,30,0.100028
1151,decreciente,83.1723,1,32,0.099828
1152,decreciente,79.9905,1,32,0.099628
1153,decreciente,73.1691,1,39,0.099429
1154,decreciente,83.1243,1,28,0.099230
1155,decreciente,79.3716,1,31,0.099032
1156,decreciente,83.1478,1,31,0.098834
1157,decreciente,81.6671,1,31,0.098636
1158,decreciente,88.1159,1,25,0.098439
1159,decreciente,83.9172,1,28,0.098242
1160,decreciente,79.3651,1,31,0.098046
1161,decreciente,82.7725,1,32,0.097849
1162,decreciente,80.8955,1,30,0.097654
1163,decreciente,87.2985,1,25,0.097458
1164,decreciente,79.0619,1,35,0.097264
1165,decreciente,87.1005,1,23,0.097069
1166,decreciente,88.2178,1,26,0.096875
1167,decreciente,93.5395,1,19,0.096681
1168,decreciente,84.5954,1,24,0.096488
1169,decreciente,82.7392,1,30,0.096295
1170,decreciente,86.4062,1,24,0.096102
1171,decreciente,85.4259,1,27,0.095910
1172,decreciente,89.7846,1,22,0.095718
1173,decreciente,85.8554,1,26,0.095527
1174,decreciente,92.0530,1,20,0.095336
1175,decreciente,90.1515,1,24,0.095145
1176,decreciente,85.3339,1,27,0.094955
1177,decreciente,79.7100,1,34,0.094765
1178,decreciente,81.6045,1,34,0.094575
1179,decreciente,88.7860,1,23,0.094386
1180,decreciente,84.2354,1,28,0.094197
1181,decreciente,81.5114,1,31,0.094009
1182,decreciente,81.1345,1,32,0.093821
1183,decreciente,92.6212,1,18,0.093633
1184,decreciente,76.2206,1,36,0.093446
1185,decreciente,6.1475,0,40,0.093259
1186,decreciente,82.7654,1,26,0.093073
1187,decreciente,88.8794,1,24,0.092886
1188,decreciente,82.1252,1,32,0.092701
1189,decreciente,84.5250,1,27,0.092515
1190,decreciente,89.5274,1,23,0.092330
1191,decreciente,75.3483,1,38,0.092146
1192,decreciente,81.0550,1,28,0.091961
1193,decreciente,83.3703,1,27,0.091777
1194,decreciente,81.0124,1,34,0.091594
1195,decreciente,87.2964,1,25,0.091411
1196,decreciente,86.2740,1,27,0.091228
1197,decreciente,77.4539,1,36,0.091045
1198,decreciente,81.4078,1,29,0.090863
1199,decreciente,78.7597,1,34,0.090682
1200,decreciente,83.9304,1,29,0.090500
1201,decreciente,89.4711,1,22,0.090319
1202,decreciente,6.8848,0,40,0.090139
1203,decreciente,80.8455,1,32,0.089958
1204,decreciente,95.1646,1,18,0.089778
1205,decreciente,87.1211,1,27,0.089599
1206,decreciente,77.2314,1,36,0.089420
1207,decreciente,84.9294,1,26,0.089241
1208,decreciente,84.0087,1,31,0.089062
1209,decreciente,82.7899,1,30,0.088884
1210,decreciente,75.8490,1,38,0.088706
1211,decreciente,91.2776,1,24,0.088529
1212,decreciente,85.5439,1,25,0.088352
1213,decreciente,78.1969,1,35,0.088175
1214,decreciente,79.9309,1,31,0.087999
1215,decreciente,81.4166,1,30,0.087823
1216,decreciente,86.8006,1,26,0.087647
1217,decreciente,76.5126,1,34,0.087472
1218,decreciente,82.6775,1,31,0.087297
1219,decreciente,81.2019,1,29,0.087122
1220,decreciente,81.9496,1,29,0.086948
1221,decreciente,83.3158,1,30,0.086774
1222,decreciente,88.7117,1,24,0.086601
1223,decreciente,81.6650,1,30,0.086428
1224,decreciente,80.1847,1,30,0.086255
1225,decreciente,90.6815,1,22,0.086082
1226,decreciente,87.9225,1,23,0.085910
1227,decreciente,77.5314,1,35,0.085738
1228,decreciente,82.6766,1,31,0.085567
1229,decreciente,79.8043,1,35,0.085396
1230,decreciente,81.6123,1,29,0.085225
1231,decreciente,83.6718,1,28,0.085054
1232,decreciente,77.6431,1,35,0.084884
1233,decreciente,85.0315,1,28,0.084714
1234,decreciente,74.2090,1,40,0.084545
1235,decreciente,77.4460,1,38,0.084376
1236,decreciente,86.5581,1,26,0.084207
1237,decreciente,89.3152,1,24,0.084039
1238,decreciente,85.3350,1,25,0.083871
1239,decreciente,87.2009,1,25,0.083703
1240,decreciente,85.3552,1,28,0.083536
1241,decreciente,87.5829,1,25,0.083368
1242,decreciente,83.0123,1,27,0.083202
1243,decreciente,80.8332,1,32,0.083035
1244,decreciente,95.9999,1,16,0.082869
1245,decreciente,82.5080,1,29,0.082704
1246,decreciente,6.7776,0,40,0.082538
1247,decreciente,82.7056,1,28,0.082373
1248,decreciente,82.3679,1,29,0.082208
1249,decreciente,80.2360,1,32,0.082044
1250,decreciente,75.1192,1,38,0.081880
1251,decreciente,80.7416,1,34,0.081716
1252,decreciente,80.2659,1,30,0.081553
1253,decreciente,81.4824,1,32,0.081389
1254,decreciente,82.6629,1,30,0.081227
1255,decreciente,85.8129,1,24,0.081064
1256,decreciente,82.9012,1,27,0.080902
1257,decreciente,85.9016,1,26,0.080740
1258,decreciente,80.7293,1,32,0.080579
1259,decreciente,88.1770,1,25,0.080418
1260,decreciente,82.1988,1,31,0.080257
1261,decreciente,77.3575,1,38,0.080096
1262,decreciente,77.0256,1,34,0.079936
1263,decreciente,84.9591,1,24,0.079776
1264,decreciente,87.1899,1,24,0.079617
1265,decreciente,83.6718,1,28,0.079457
1266,decreciente,76.5515,1,37,0.079299
1267,decreciente,84.0759,1,25,0.079140
1268,decreciente,79.6693,1,32,0.078982
1269,decreciente,90.4579,1,23,0.078824
1270,decreciente,82.9007,1,27,0.078666
1271,decreciente,87.6345,1,25,0.078509
1272,decreciente,85.8599,1,27,0.078352
1273,decreciente,83.5900,1,26,0.078195
1274,decreciente,80.9695,1,30,0.078039
1275,decreciente,83.1786,1,29,0.077883
1276,decreciente,80.0674,1,35,0.077727
1277,decreciente,94.3055,1,17,0.077571
1278,decreciente,79.0103,1,30,0.077416
1279,decreciente,88.3593,1,24,0.077261
1280,decreciente,87.7342,1,27,0.077107
1281,decreciente,83.2906,1,29,0.076953
1282,decreciente,86.3658,1,25,0.076799
1283,decreciente,81.3201,1,31,0.076645
1284,decreciente,83.3032,1,27,0.076492
1285,decreciente,85.4556,1,24,0.076339
1286,decreciente,86.1729,1,24,0.076186
1287,decreciente,87.2319,1,24,0.076034
1288,decreciente,76.7167,1,33,0.075882
1289,decreciente,83.6495,1,29,0.075730
1290,decreciente,81.7641,1,29,0.075578
1291,decreciente,84.8404,1,29,0.075427
1292,decreciente,84.5085,1,26,0.075276
1293,decreciente,91.8346,1,20,0.075126
1294,decreciente,85.8162,1,25,0.074976
1295,decreciente,76.7010,1,39,0.074826
1296,decreciente,85.2471,1,26,0.074676
1297,decreciente,84.1332,1,28,0.074527
1298,decreciente,81.2324,1,30,0.074378
1299,decreciente,89.5579,1,21,0.074229
1300,decreciente,85.3183,1,25,0.074080
1301,decreciente,84.4350,1,28,0.073932
1302,decreciente,78.0136,1,33,0.073784
1303,decreciente,84.6320,1,30,0.073637
1304,decreciente,88.3457,1,23,0.073490
1305,decreciente,85.2161,1,26,0.073343
1306,decreciente,83.2313,1,30,0.073196
1307,decreciente,84.5004,1,29,0.073050
1308,decreciente,81.1285,1,34,0.072903
1309,decreciente,85.7156,1,27,0.072758
1310,decreciente,89.4980,1,23,0.072612
1311,decreciente,87.5558,1,25,0.072467
1312,decreciente,86.5103,1,25,0.072322
1313,decreciente,82.9863,1,29,0.072177
1314,decreciente,81.0653,1,31,0.072033
1315,decreciente,79.3835,1,34,0.071889
1316,decreciente,83.4179,1,31,0.071745
1317,decreciente,86.7673,1,23,0.071602
1318,decreciente,89.2373,1,26,0.071458
1319,decreciente,83.2147,1,29,0.071316
1320,decreciente,91.0938,1,22,0.071173
1321,decreciente,83.4337,1,29,0.071031
1322,decreciente,85.5344,1,26,0.070888
1323,decreciente,94.8304,1,17,0.070747
1324,decreciente,85.1078,1,28,0.070605
1325,decreciente,89.8357,1,23,0.070464
1326,decreciente,86.4130,1,27,0.070323
1327,decreciente,91.3510,1,21,0.070182
1328,decreciente,7.7080,0,40,0.070042
1329,decreciente,80.3857,1,31,0.069902
1330,decreciente,77.3155,1,38,0.069762
1331,decreciente,73.8258,1,39,0.069623
1332,decreciente,90.3279,1,21,0.069483
1333,decreciente,80.5879,1,31,0.069344
1334,decreciente,80.6626,1,28,0.069206
1335,decreciente,89.9917,1,22,0.069067
1336,decreciente,81.1100,1,31,0.068929
1337,decreciente,83.7047,1,28,0.068791
1338,decreciente,84.1399,1,28,0.068654
1339,decreciente,74.9752,1,40,0.068516
1340,decreciente,79.4792,1,35,0.068379
1341,decreciente,83.4962,1,26,0.068243
1342,decreciente,78.9038,1,34,0.068106
1343,decreciente,82.2754,1,30,0.067970
1344,decreciente,81.7062,1,30,0.067834
1345,decreciente,80.0171,1,34,0.067698
1346,decreciente,81.3799,1,31,0.067563
1347,decreciente,6.8914,0,40,0.067428
1348,decreciente,79.0760,1,36,0.067293
1349,decreciente,90.3684,1,23,0.067158
1350,decreciente,81.0632,1,31,0.067024
1351,decreciente,88.2263,1,24,0.066890
1352,decreciente,80.8341,1,30,0.066756
1353,decreciente,86.0839,1,26,0.066623
1354,decreciente,89.8764,1,21,0.066489
1355,decreciente,78.5793,1,35,0.066356
1356,decreciente,86.5639,1,25,0.066224
1357,decreciente,79.9309,1,31,0.066091
1358,decreciente,77.7876,1,35,0.065959
1359,decreciente,81.4927,1,31,0.065827
1360,decreciente,79.4142,1,36,0.065696
1361,decreciente,91.8201,1,21,0.065564
1362,decreciente,85.9885,1,27,0.065433
1363,decreciente,80.0399,1,35,0.065302
1364,decreciente,88.1864,1,21,0.065172
1365,decreciente,78.0241,1,35,0.065041
1366,decreciente,83.7566,1,28,0.064911
1367,decreciente,87.4727,1,23,0.064781
1368,decreciente,84.5012,1,27,0.064652
1369,decreciente,4.4213,0,40,0.064522
1370,decreciente,92.2399,1,22,0.064393
1371,decreciente,90.2914,1,23,0.064265
1372,decreciente,79.7400,1,33,0.064136
1373,decreciente,82.4120,1,31,0.064008
1374,decreciente,79.9282,1,30,0.063880
1375,decreciente,84.1907,1,27,0.063752
1376,decreciente,78.7356,1,36,0.063625
1377,decreciente,89.1596,1,24,0.063497
1378,decreciente,81.9797,1,29,0.063370
1379,decreciente,83.7593,1,28,0.063244
1380,decreciente,84.6174,1,27,0.063117
1381,decreciente,94.7400,1,20,0.062991
1382,decreciente,84.7692,1,25,0.062865
1383,decreciente,90.7100,1,20,0.062739
1384,decreciente,78.8522,1,31,0.062614
1385,decreciente,83.3707,1,32,0.062488
1386,decreciente,95.2567,1,17,0.062363
1387,decreciente,79.8744,1,33,0.062239
1388,decreciente,90.9668,1,20,0.062114
1389,decreciente,85.7538,1,26,0.061990
1390,decreciente,79.9567,1,33,0.061866
1391,decreciente,79.5575,1,31,0.061742
1392,decreciente,77.1117,1,35,0.061619
1393,decreciente,85.3591,1,27,0.061496
1394,decreciente,87.8417,1,25,0.061373
1395,decreciente,79.7354,1,33,0.061250
1396,decreciente,91.5715,1,21,0.061127
1397,decreciente,77.3893,1,35,0.061005
1398,decreciente,75.4822,1,39,0.060883
1399,decreciente,86.5808,1,27,0.060761
1400,decreciente,83.3073,1,28,0.060640
1401,decreciente,83.9743,1,26,0.060519
1402,decreciente,84.6799,1,26,0.060397
1403,decreciente,78.0605,1,35,0.060277
1404,decreciente,84.7079,1,28,0.060156
1405,decreciente,95.9969,1,18,0.060036
1406,decreciente,91.8718,1,22,0.059916
1407,decreciente,84.4012,1,27,0.059796
1408,decreciente,92.4956,1,19,0.059676
1409,decreciente,94.3431,1,19,0.059557
1410,decreciente,95.5523,1,14,0.059438
1411,decreciente,88.2180,1,24,0.059319
1412,decreciente,82.4432,1,29,0.059200
1413,decreciente,86.1758,1,26,0.059082
1414,decreciente,90.7066,1,19,0.058964
1415,decreciente,78.4116,1,33,0.058846
1416,decreciente,84.5821,1,28,0.058728
1417,decreciente,93.1774,1,17,0.058611
1418,decreciente,93.1718,1,21,0.058493
1419,decreciente,95.5150,1,15,0.058377
1420,decreciente,85.4624,1,26,0.058260
1421,decreciente,85.9210,1,29,0.058143
1422,decreciente,84.7933,1,28,0.058027
1423,decreciente,77.3271,1,36,0.057911
1424,decreciente,81.4748,1,30,0.057795
1425,decreciente,87.8518,1,25,0.057679
1426,decreciente,86.7408,1,26,0.057564
1427,decreciente,80.9862,1,31,0.057449
1428,decreciente,86.2636,1,24,0.057334
1429,decreciente,95.1639,1,16,0.057219
1430,decreciente,89.7387,1,23,0.057105
1431,decreciente,83.5194,1,29,0.056991
1432,decreciente,89.9528,1,22,0.056877
1433,decreciente,78.7500,1,34,0.056763
1434,decreciente,89.9548,1,21,0.056650
1435,decreciente,92.3558,1,22,0.056536
1436,decreciente,88.4531,1,22,0.056423
1437,decreciente,85.0286,1,27,0.056310
1438,decreciente,91.4952,1,18,0.056198
1439,decreciente,86.4076,1,25,0.056085
1440,decreciente,85.8782,1,29,0.055973
1441,decreciente,81.9841,1,30,0.055861
1442,decreciente,89.8651,1,23,0.055749
1443,decreciente,83.5361,1,29,0.055638
1444,decreciente,83.1939,1,28,0.055527
1445,decreciente,75.8796,1,36,0.055416
1446,decreciente,94.2669,1,18,0.055305
1447,decreciente,78.4219,1,34,0.055194
1448,decreciente,83.6594,1,27,0.055084
1449,decreciente,87.4725,1,26,0.054974
1450,decreciente,83.9453,1,30,0.054864
1451,decreciente,90.9041,1,22,0.054754
1452,decreciente,83.5214,1,29,0.054644
1453,decreciente,84.4515,1,29,0.054535
1454,decreciente,88.2149,1,23,0.054426
1455,decreciente,81.6276,1,31,0.054317
1456,decreciente,80.5813,1,32,0.054209
1457,decreciente,84.8290,1,27,0.054100
1458,decreciente,80.6850,1,29,0.053992
1459,decreciente,90.7274,1,21,0.053884
1460,decreciente,82.2830,1,31,0.053776
1461,decreciente,84.2851,1,29,0.053669
1462,decreciente,80.9969,1,30,0.053561
1463,decreciente,85.4256,1,26,0.053454
1464,decreciente,94.2984,1,18,0.053347
1465,decreciente,83.1655,1,29,0.053241
1466,decreciente,90.9320,1,19,0.053134
1467,decreciente,79.2227,1,31,0.053028
1468,decreciente,91.2758,1,21,0.052922
1469,decreciente,82.5163,1,29,0.052816
1470,decreciente,91.2647,1,22,0.052710
1471,decreciente,80.1477,1,33,0.052605
1472,decreciente,83.0992,1,27,0.052500
1473,decreciente,87.4149,1,24,0.052395
1474,decreciente,85.6859,1,26,0.052290
1475,decreciente,84.0862,1,30,0.052185
1476,decreciente,73.4006,1,39,0.052081
1477,decreciente,92.2625,1,20,0.051977
1478,decreciente,78.5486,1,35,0.051873
1479,decreciente,78.3653,1,34,0.051769
1480,decreciente,86.3352,1,27,0.051666
1481,decreciente,83.1028,1,31,0.051562
1482,decreciente,79.5090,1,32,0.051459
1483,decreciente,86.1991,1,24,0.051356
1484,decreciente,87.0791,1,26,0.051253
1485,decreciente,91.4686,1,20,0.051151
1486,decreciente,80.7449,1,29,0.051049
1487,decreciente,82.5937,1,30,0.050947
1488,decreciente,85.2700,1,29,0.050845
1489,decreciente,80.3890,1,30,0.050743
1490,decreciente,89.6521,1,21,0.050641
1491,decreciente,78.5375,1,34,0.050540
1492,decreciente,90.8496,1,21,0.050439
1493,decreciente,78.4228,1,34,0.050338
1494,decreciente,86.8900,1,25,0.050238
1495,decreciente,80.2305,1,34,0.050137
1496,decreciente,75.0605,1,38,0.050037
1497,decreciente,82.0297,1,33,0.050000
1498,decreciente,85.3077,1,27,0.050000
1499,decreciente,83.3370,1,28,0.050000
1500,decreciente,86.5853,1,24,0.050000
1501,decreciente,88.3660,1,26,0.050000
1502,decreciente,77.6075,1,33,0.050000
1503,decreciente,76.2855,1,34,0.050000
1504,decreciente,89.3303,1,22,0.050000
1505,decreciente,78.8666,1,34,0.050000
1506,decreciente,84.1345,1,26,0.050000
1507,decreciente,88.3266,1,21,0.050000
1508,decreciente,82.5194,1,33,0.050000
1509,decreciente,85.3879,1,29,0.050000
1510,decreciente,94.2216,1,19,0.050000
1511,decreciente,86.3444,1,26,0.050000
1512,decreciente,87.0293,1,26,0.050000
1513,decreciente,87.7618,1,26,0.050000
1514,decreciente,85.3155,1,26,0.050000
1515,decreciente,84.2201,1,27,0.050000
1516,decreciente,85.3498,1,25,0.050000
1517,decreciente,84.5636,1,27,0.050000
1518,decreciente,81.8097,1,29,0.050000
1519,decreciente,86.8069,1,23,0.050000
1520,decreciente,81.2428,1,30,0.050000
1521,decreciente,86.5641,1,26,0.050000
1522,decreciente,85.7246,1,27,0.050000
1523,decreciente,84.8229,1,30,0.050000
1524,decreciente,84.6816,1,31,0.050000
1525,decreciente,87.1582,1,25,0.050000
1526,decreciente,81.5667,1,31,0.050000
1527,decreciente,79.1064,1,32,0.050000
1528,decreciente,78.1288,1,34,0.050000
1529,decreciente,80.3397,1,31,0.050000
1530,decreciente,89.9673,1,23,0.050000
1531,decreciente,83.4344,1,29,0.050000
1532,decreciente,79.1542,1,32,0.050000
1533,decreciente,76.9046,1,37,0.050000
1534,decreciente,77.4251,1,35,0.050000
1535,decreciente,78.4185,1,33,0.050000
1536,decreciente,83.3940,1,29,0.050000
1537,decreciente,82.7557,1,28,0.050000
1538,decreciente,85.0285,1,25,0.050000
1539,decreciente,77.9373,1,35,0.050000
1540,decreciente,91.8749,1,19,0.050000
1541,decreciente,91.0849,1,22,0.050000
1542,decreciente,83.3837,1,30,0.050000
1543,decreciente,80.3283,1,30,0.050000
1544,decreciente,74.7271,1,38,0.050000
1545,decreciente,82.6199,1,30,0.050000
1546,decreciente,87.5890,1,25,0.050000
1547,decreciente,81.7066,1,31,0.050000
1548,decreciente,97.7466,1,15,0.050000
1549,decreciente,80.2776,1,32,0.050000
1550,decreciente,84.6511,1,24,0.050000
1551,decreciente,78.7621,1,36,0.050000
1552,decreciente,92.5178,1,21,0.050000
1553,decreciente,80.6796,1,31,0.050000
1554,decreciente,84.9329,1,26,0.050000
1555,decreciente,80.2947,1,32,0.050000
1556,decreciente,81.6874,1,31,0.050000
1557,decreciente,76.5309,1,37,0.050000
1558,decreciente,94.9441,1,16,0.050000
1559,decreciente,80.0116,1,33,0.050000
1560,decreciente,80.9459,1,29,0.050000
1561,decreciente,82.2111,1,33,0.050000
1562,decreciente,80.9449,1,31,0.050000
1563,decreciente,86.1232,1,27,0.050000
1564,decreciente,77.1366,1,37,0.050000
1565,decreciente,86.7568,1,22,0.050000
1566,decreciente,79.7618,1,34,0.050000
1567,decreciente,74.0810,1,40,0.050000
1568,decreciente,86.9296,1,24,0.050000
1569,decreciente,81.9412,1,32,0.050000
1570,decreciente,94.2841,1,20,0.050000
1571,decreciente,77.3772,1,37,0.050000
1572,decreciente,5.7740,0,40,0.050000
1573,decreciente,88.0991,1,25,0.050000
1574,decreciente,83.7404,1,28,0.050000
1575,decreciente,78.9834,1,34,0.050000
1576,decreciente,84.5058,1,29,0.050000
1577,decreciente,82.2889,1,31,0.050000
1578,decreciente,81.4404,1,33,0.050000
1579,decreciente,80.3686,1,32,0.050000
1580,decreciente,80.9642,1,30,0.050000
1581,decreciente,90.7546,1,23,0.050000
1582,decreciente,86.4024,1,29,0.050000
1583,decreciente,95.6440,1,15,0.050000
1584,decreciente,86.5351,1,23,0.050000
1585,decreciente,95.1860,1,16,0.050000
1586,decreciente,84.2550,1,28,0.050000
1587,decreciente,79.5043,1,34,0.050000
1588,decreciente,92.1171,1,17,0.050000
1589,decreciente,78.6788,1,35,0.050000
1590,decreciente,76.4851,1,37,0.050000
1591,decreciente,92.2313,1,20,0.050000
1592,decreciente,85.8451,1,26,0.050000
1593,decreciente,87.5406,1,22,0.050000
1594,decreciente,84.3416,1,32,0.050000
1595,decreciente,82.8648,1,28,0.050000
1596,decreciente,84.6920,1,28,0.050000
1597,decreciente,77.7111,1,36,0.050000
1598,decreciente,83.5729,1,29,0.050000
1599,decreciente,87.5432,1,28,0.050000
1600,decreciente,79.4037,1,31,0.050000
1601,decreciente,88.0850,1,23,0.050000
1602,decreciente,91.9797,1,19,0.050000
1603,decreciente,84.2853,1,30,0.050000
1604,decreciente,77.8125,1,37,0.050000
1605,decreciente,82.4636,1,29,0.050000
1606,decreciente,86.3033,1,25,0.050000
1607,decreciente,85.0215,1,28,0.050000
1608,decreciente,86.6126,1,28,0.050000
1609,decreciente,82.8966,1,28,0.050000
1610,decreciente,88.9908,1,22,0.050000
1611,decreciente,83.5896,1,30,0.050000
1612,decreciente,83.0738,1,27,0.050000
1613,decreciente,89.8997,1,23,0.050000
1614,decreciente,94.5573,1,17,0.050000
1615,decreciente,85.3434,1,30,0.050000
1616,decreciente,81.3997,1,31,0.050000
1617,decreciente,89.0848,1,24,0.050000
1618,decreciente,89.0619,1,21,0.050000
1619,decreciente,87.1693,1,25,0.050000
1620,decreciente,91.4260,1,20,0.050000
1621,decreciente,90.0517,1,21,0.050000
1622,decreciente,90.2068,1,21,0.050000
1623,decreciente,84.4345,1,26,0.050000
1624,decreciente,84.9810,1,28,0.050000
1625,decreciente,77.7278,1,36,0.050000
1626,decreciente,85.9110,1,26,0.050000
1627,decreciente,87.3930,1,26,0.050000
1628,decreciente,92.4643,1,22,0.050000
1629,decreciente,88.8388,1,25,0.050000
1630,decreciente,76.6910,1,33,0.050000
1631,decreciente,81.5250,1,32,0.050000
1632,decreciente,82.3558,1,30,0.050000
1633,decreciente,96.5365,1,15,0.050000
1634,decreciente,85.3264,1,29,0.050000
1635,decreciente,81.5642,1,33,0.050000
1636,decreciente,88.0918,1,26,0.050000
1637,decreciente,83.0573,1,30,0.050000
1638,decreciente,78.5546,1,33,0.050000
1639,decreciente,78.2743,1,37,0.050000
1640,decreciente,90.5713,1,19,0.050000
1641,decreciente,95.3174,1,17,0.050000
1642,decreciente,79.7593,1,35,0.050000
1643,decreciente,80.2549,1,30,0.050000
1644,decreciente,81.2231,1,30,0.050000
1645,decreciente,92.0470,1,19,0.050000
1646,decreciente,80.8506,1,30,0.050000
1647,decreciente,81.5904,1,30,0.050000
1648,decreciente,77.7293,1,37,0.050000
1649,decreciente,84.3419,1,28,0.050000
1650,decreciente,85.0971,1,25,0.050000
1651,decreciente,80.0375,1,32,0.050000
1652,decreciente,79.9104,1,32,0.050000
1653,decreciente,77.9951,1,34,0.050000
1654,decreciente,90.1289,1,20,0.050000
1655,decreciente,87.5642,1,23,0.050000
1656,decreciente,82.3283,1,31,0.050000
1657,decreciente,88.1159,1,23,0.050000
1658,decreciente,78.2757,1,34,0.050000
1659,decreciente,82.3618,1,29,0.050000
1660,decreciente,82.3929,1,29,0.050000
1661,decreciente,82.0263,1,29,0.050000
1662,decreciente,79.2219,1,35,0.050000
1663,decreciente,92.1259,1,17,0.050000
1664,decreciente,79.1899,1,32,0.050000
1665,decreciente,74.6511,1,38,0.050000
1666,decreciente,83.3454,1,27,0.050000
1667,decreciente,73.7262,1,39,0.050000
1668,decreciente,85.1291,1,26,0.050000
1669,decreciente,85.0046,1,29,0.050000
1670,decreciente,83.0656,1,28,0.050000
1671,decreciente,83.3408,1,29,0.050000
1672,decreciente,78.1953,1,35,0.050000
1673,decreciente,87.7706,1,23,0.050000
1674,decreciente,82.0088,1,30,0.050000
1675,decreciente,79.5601,1,34,0.050000
1676,decreciente,95.3312,1,19,0.050000
1677,decreciente,86.8671,1,23,0.050000
1678,decreciente,78.0022,1,34,0.050000
1679,decreciente,91.5090,1,19,0.050000
1680,decreciente,80.6387,1,29,0.050000
1681,decreciente,75.3346,1,39,0.050000
1682,decreciente,75.8110,1,35,0.050000
1683,decreciente,88.8347,1,22,0.050000
1684,decreciente,86.1896,1,30,0.050000
1685,decreciente,81.9017,1,30,0.050000
1686,decreciente,89.2082,1,23,0.050000
1687,decreciente,83.7931,1,27,0.050000
1688,decreciente,79.9959,1,31,0.050000
1689,decreciente,85.5695,1,28,0.050000
1690,decreciente,91.2235,1,21,0.050000
1691,decreciente,80.0302,1,33,0.050000
1692,decreciente,87.0423,1,25,0.050000
1693,decreciente,88.3099,1,22,0.050000
1694,decreciente,90.2100,1,20,0.050000
1695,decreciente,79.3855,1,30,0.050000
1696,decreciente,94.5097,1,18,0.050000
1697,decreciente,81.9015,1,28,0.050000
1698,decreciente,95.0574,1,19,0.050000
1699,decreciente,91.4676,1,22,0.050000
1700,decreciente,86.0328,1,24,0.050000
1701,decreciente,80.4496,1,34,0.050000
1702,decreciente,86.7893,1,24,0.050000
1703,decreciente,85.1817,1,30,0.050000
1704,decreciente,87.0531,1,23,0.050000
1705,decreciente,79.4276,1,33,0.050000
1706,decreciente,80.8819,1,33,0.050000
1707,decreciente,84.3922,1,29,0.050000
1708,decreciente,87.6990,1,25,0.050000
1709,decreciente,77.0399,1,35,0.050000
1710,decreciente,75.9197,1,36,0.050000
1711,decreciente,80.1452,1,33,0.050000
1712,decreciente,87.5163,1,24,0.050000
1713,decreciente,79.3713,1,33,0.050000
1714,decreciente,84.8515,1,25,0.050000
1715,decreciente,86.9748,1,25,0.050000
1716,decreciente,84.0895,1,26,0.050000
1717,decreciente,82.8526,1,27,0.050000
1718,decreciente,91.5333,1,18,0.050000
1719,decreciente,85.0570,1,28,0.050000
1720,decreciente,83.3771,1,29,0.050000
1721,decreciente,80.5728,1,31,0.050000
1722,decreciente,88.9747,1,21,0.050000
1723,decreciente,93.4228,1,18,0.050000
1724,decreciente,92.5426,1,21,0.050000
1725,decreciente,86.9782,1,25,0.050000
1726,decreciente,85.8706,1,27,0.050000
1727,decreciente,76.9174,1,39,0.050000
1728,decreciente,80.0636,1,30,0.050000
1729,decreciente,82.2296,1,31,0.050000
1730,decreciente,90.8523,1,22,0.050000
1731,decreciente,83.6891,1,28,0.050000
1732,decreciente,83.0660,1,27,0.050000
1733,decreciente,77.8413,1,33,0.050000
1734,decreciente,89.2026,1,23,0.050000
1735,decreciente,97.7533,1,16,0.050000
1736,decreciente,85.1257,1,25,0.050000
1737,decreciente,80.4018,1,34,0.050000
1738,decreciente,84.1550,1,30,0.050000
1739,decreciente,79.6459,1,35,0.050000
1740,decreciente,83.8846,1,26,0.050000
1741,decreciente,79.5150,1,33,0.050000
1742,decreciente,79.2487,1,30,0.050000
1743,decreciente,82.2925,1,31,0.050000
1744,decreciente,89.7541,1,22,0.050000
1745,decreciente,87.1201,1,26,0.050000
1746,decreciente,84.0815,1,30,0.050000
1747,decreciente,86.1924,1,28,0.050000
1748,decreciente,87.5845,1,25,0.050000
1749,decreciente,87.4741,1,23,0.050000
1750,decreciente,80.5036,1,34,0.050000
1751,decreciente,86.5521,1,26,0.050000
1752,decreciente,85.4377,1,26,0.050000
1753,decreciente,84.2316,1,28,0.050000
1754,decreciente,88.3499,1,24,0.050000
1755,decreciente,82.0425,1,29,0.050000
1756,decreciente,86.1028,1,26,0.050000
1757,decreciente,84.9422,1,26,0.050000
1758,decreciente,81.8460,1,30,0.050000
1759,decreciente,83.8078,1,27,0.050000
1760,decreciente,91.1255,1,23,0.050000
1761,decreciente,88.1455,1,25,0.050000
1762,decreciente,83.6098,1,27,0.050000
1763,decreciente,85.8267,1,25,0.050000
1764,decreciente,86.5951,1,25,0.050000
1765,decreciente,75.6830,1,37,0.050000
1766,decreciente,81.2140,1,30,0.050000
1767,decreciente,87.5720,1,26,0.050000
1768,decreciente,79.4991,1,33,0.050000
1769,decreciente,97.0639,1,14,0.050000
1770,decreciente,79.0699,1,32,0.050000
1771,decreciente,90.6822,1,24,0.050000
1772,decreciente,83.6356,1,30,0.050000
1773,decreciente,84.1971,1,26,0.050000
1774,decreciente,85.7159,1,27,0.050000
1775,decreciente,84.6643,1,28,0.050000
1776,decreciente,89.8343,1,24,0.050000
1777,decreciente,95.8222,1,16,0.050000
1778,decreciente,94.3459,1,19,0.050000
1779,decreciente,80.8873,1,33,0.050000
1780,decreciente,76.0643,1,35,0.050000
1781,decreciente,85.3769,1,29,0.050000
1782,decreciente,81.7013,1,31,0.050000
1783,decreciente,80.0786,1,31,0.050000
1784,decreciente,81.3093,1,29,0.050000
1785,decreciente,83.6422,1,27,0.050000
1786,decreciente,80.3524,1,30,0.050000
1787,decreciente,85.4242,1,24,0.050000
1788,decreciente,90.2871,1,23,0.050000
1789,decreciente,92.7208,1,22,0.050000
1790,decreciente,84.2981,1,28,0.050000
1791,decreciente,81.4463,1,32,0.050000
1792,decreciente,80.2889,1,31,0.050000
1793,decreciente,81.7583,1,31,0.050000
1794,decreciente,90.4933,1,23,0.050000
1795,decreciente,88.0357,1,24,0.050000
1796,decreciente,84.2570,1,29,0.050000
1797,decreciente,81.6621,1,31,0.050000
1798,decreciente,85.8993,1,27,0.050000
1799,decreciente,89.4897,1,24,0.050000
1800,decreciente,80.2628,1,30,0.050000
1801,decreciente,83.7654,1,29,0.050000
1802,decreciente,83.7965,1,28,0.050000
1803,decreciente,78.1649,1,36,0.050000
1804,decreciente,76.4930,1,38,0.050000
1805,decreciente,89.6060,1,24,0.050000
1806,decreciente,75.3714,1,39,0.050000
1807,decreciente,85.0833,1,28,0.050000
1808,decreciente,83.9647,1,29,0.050000
1809,decreciente,83.1123,1,29,0.050000
1810,decreciente,82.7833,1,29,0.050000
1811,decreciente,79.7010,1,33,0.050000
1812,decreciente,84.1225,1,27,0.050000
1813,decreciente,88.0804,1,25,0.050000
1814,decreciente,84.7734,1,27,0.050000
1815,decreciente,92.3676,1,21,0.050000
1816,decreciente,97.1262,1,14,0.050000
1817,decreciente,77.7561,1,37,0.050000
1818,decreciente,83.3994,1,30,0.050000
1819,decreciente,82.0658,1,33,0.050000
1820,decreciente,86.7241,1,26,0.050000
1821,decreciente,75.0044,1,40,0.050000
1822,decreciente,88.5127,1,22,0.050000
1823,decreciente,80.6417,1,31,0.050000
1824,decreciente,77.7952,1,37,0.050000
1825,decreciente,84.3707,1,26,0.050000
1826,decreciente,90.3316,1,22,0.050000
1827,decreciente,90.3621,1,22,0.050000
1828,decreciente,95.8259,1,14,0.050000
1829,decreciente,86.2260,1,27,0.050000
1830,decreciente,81.4282,1,32,0.050000
1831,decreciente,85.3520,1,27,0.050000
1832,decreciente,88.0929,1,24,0.050000
1833,decreciente,87.4493,1,25,0.050000
1834,decreciente,90.2415,1,21,0.050000
1835,decreciente,85.0891,1,31,0.050000
1836,decreciente,81.5461,1,30,0.050000
1837,decreciente,82.7955,1,30,0.050000
1838,decreciente,81.3901,1,28,0.050000
1839,decreciente,75.5025,1,37,0.050000
1840,decreciente,88.4718,1,24,0.050000
1841,decreciente,82.8710,1,29,0.050000
1842,decreciente,81.9241,1,31,0.050000
1843,decreciente,84.5086,1,29,0.050000
1844,decreciente,81.2218,1,31,0.050000
1845,decreciente,77.5913,1,37,0.050000
1846,decreciente,76.4614,1,38,0.050000
1847,decreciente,81.4613,1,33,0.050000
1848,decreciente,93.5090,1,18,0.050000
1849,decreciente,85.9244,1,27,0.050000
1850,decreciente,92.1074,1,21,0.050000
1851,decreciente,90.1896,1,21,0.050000
1852,decreciente,97.0481,1,15,0.050000
1853,decreciente,87.1153,1,25,0.050000
1854,decreciente,87.7147,1,25,0.050000
1855,decreciente,83.5716,1,31,0.050000
1856,decreciente,78.9721,1,33,0.050000
1857,decreciente,87.1210,1,24,0.050000
1858,decreciente,81.3523,1,29,0.050000
1859,decreciente,78.2292,1,35,0.050000
1860,decreciente,83.4145,1,27,0.050000
1861,decreciente,96.3908,1,17,0.050000
1862,decreciente,90.8616,1,22,0.050000
1863,decreciente,80.5892,1,30,0.050000
1864,decreciente,89.8849,1,21,0.050000
1865,decreciente,91.1227,1,21,0.050000
1866,decreciente,93.9776,1,19,0.050000
1867,decreciente,83.1931,1,30,0.050000
1868,decreciente,80.5924,1,33,0.050000
1869,decreciente,79.1004,1,34,0.050000
1870,decreciente,96.1106,1,16,0.050000
1871,decreciente,92.3425,1,20,0.050000
1872,decreciente,91.8343,1,20,0.050000
1873,decreciente,82.2805,1,31,0.050000
1874,decreciente,86.1924,1,23,0.050000
1875,decreciente,82.7369,1,30,0.050000
1876,decreciente,80.3060,1,31,0.050000
1877,decreciente,85.4786,1,27,0.050000
1878,decreciente,80.6010,1,34,0.050000
1879,decreciente,86.6066,1,27,0.050000
1880,decreciente,96.1465,1,15,0.050000
1881,decreciente,84.4227,1,28,0.050000
1882,decreciente,94.6390,1,18,0.050000
1883,decreciente,78.6746,1,33,0.050000
1884,decreciente,84.4893,1,30,0.050000
1885,decreciente,82.7867,1,29,0.050000
1886,decreciente,87.3854,1,27,0.050000
1887,decreciente,95.4225,1,17,0.050000
1888,decreciente,78.7623,1,35,0.050000
1889,decreciente,78.2507,1,36,0.050000
1890,decreciente,83.7325,1,31,0.050000
1891,decreciente,77.3814,1,37,0.050000
1892,decreciente,81.4311,1,30,0.050000
1893,decreciente,84.6027,1,25,0.050000
1894,decreciente,79.3453,1,33,0.050000
1895,decreciente,82.2874,1,31,0.050000
1896,decreciente,78.5395,1,33,0.050000
1897,decreciente,79.1053,1,33,0.050000
1898,decreciente,83.1687,1,28,0.050000
1899,decreciente,88.1079,1,24,0.050000
1900,decreciente,87.9207,1,22,0.050000
1901,decreciente,84.1278,1,26,0.050000
1902,decreciente,95.6511,1,16,0.050000
1903,decreciente,85.2734,1,27,0.050000
1904,decreciente,88.3472,1,24,0.050000
1905,decreciente,85.5299,1,26,0.050000
1906,decreciente,96.2422,1,17,0.050000
1907,decreciente,78.3957,1,36,0.050000
1908,decreciente,85.5087,1,27,0.050000
1909,decreciente,88.7160,1,24,0.050000
1910,decreciente,81.2844,1,34,0.050000
1911,decreciente,83.2348,1,28,0.050000
1912,decreciente,84.4398,1,29,0.050000
1913,decreciente,82.4153,1,28,0.050000
1914,decreciente,93.9260,1,17,0.050000
1915,decreciente,83.8278,1,27,0.050000
1916,decreciente,90.9051,1,20,0.050000
1917,decreciente,90.3542,1,20,0.050000
1918,decreciente,79.9835,1,30,0.050000
1919,decreciente,81.2835,1,31,0.050000
1920,decreciente,83.6228,1,28,0.050000
1921,decreciente,94.0593,1,21,0.050000
1922,decreciente,81.6544,1,28,0.050000
1923,decreciente,84.7406,1,28,0.050000
1924,decreciente,88.1107,1,24,0.050000
1925,decreciente,76.6587,1,39,0.050000
1926,decreciente,90.1572,1,22,0.050000
1927,decreciente,88.1144,1,25,0.050000
1928,decreciente,88.7381,1,25,0.050000
1929,decreciente,82.2362,1,30,0.050000
1930,decreciente,77.8973,1,34,0.050000
1931,decreciente,88.6877,1,22,0.050000
1932,decreciente,95.9203,1,17,0.050000
1933,decreciente,81.8683,1,31,0.050000
1934,decreciente,86.5457,1,27,0.050000
1935,decreciente,7.2172,0,40,0.050000
1936,decreciente,89.7738,1,23,0.050000
1937,decreciente,86.2607,1,27,0.050000
1938,decreciente,82.0476,1,31,0.050000
1939,decreciente,83.2812,1,28,0.050000
1940,decreciente,89.9303,1,20,0.050000
1941,decreciente,83.6334,1,29,0.050000
1942,decreciente,87.0148,1,26,0.050000
1943,decreciente,81.1915,1,34,0.050000
1944,decreciente,88.4234,1,24,0.050000
1945,decreciente,93.2128,1,17,0.050000
1946,decreciente,84.7855,1,27,0.050000
1947,decreciente,80.6612,1,29,0.050000
1948,decreciente,82.8168,1,29,0.050000
1949,decreciente,80.8571,1,31,0.050000
1950,decreciente,86.3434,1,25,0.050000
1951,decreciente,83.7049,1,28,0.050000
1952,decreciente,83.1480,1,30,0.050000
1953,decreciente,79.8357,1,32,0.050000
1954,decreciente,82.6658,1,29,0.050000
1955,decreciente,80.5553,1,33,0.050000
1956,decreciente,82.0379,1,33,0.050000
1957,decreciente,86.6026,1,27,0.050000
1958,decreciente,80.4849,1,34,0.050000
1959,decreciente,78.9394,1,35,0.050000
1960,decreciente,86.1711,1,28,0.050000
1961,decreciente,83.9818,1,29,0.050000
1962,decreciente,87.6030,1,25,0.050000
1963,decreciente,78.7781,1,33,0.050000
1964,decreciente,81.4284,1,29,0.050000
1965,decreciente,87.9361,1,24,0.050000
1966,decreciente,83.9991,1,27,0.050000
1967,decreciente,82.6608,1,30,0.050000
1968,decreciente,77.0961,1,36,0.050000
1969,decreciente,83.1687,1,30,0.050000
1970,decreciente,81.5252,1,32,0.050000
1971,decreciente,89.3276,1,22,0.050000
1972,decreciente,90.4780,1,24,0.050000
1973,decreciente,94.1757,1,16,0.050000
1974,decreciente,93.2194,1,20,0.050000
1975,decreciente,93.8614,1,20,0.050000
1976,decreciente,84.3383,1,27,0.050000
1977,decreciente,91.1894,1,20,0.050000
1978,decreciente,91.3313,1,20,0.050000
1979,decreciente,82.4386,1,29,0.050000
1980,decreciente,94.5254,1,19,0.050000
1981,decreciente,84.7454,1,26,0.050000
1982,decreciente,81.8563,1,30,0.050000
1983,decreciente,81.7033,1,34,0.050000
1984,decreciente,76.7309,1,36,0.050000
1985,decreciente,85.8847,1,26,0.050000
1986,decreciente,81.8705,1,27,0.050000
1987,decreciente,77.5391,1,37,0.050000
1988,decreciente,87.2813,1,26,0.050000
1989,decreciente,93.6861,1,16,0.050000
1990,decreciente,93.9507,1,17,0.050000
1991,decreciente,88.8438,1,24,0.050000
1992,decreciente,85.0693,1,26,0.050000
1993,decreciente,88.1762,1,26,0.050000
1994,decreciente,83.0466,1,27,0.050000
1995,decreciente,90.5121,1,22,0.050000
1996,decreciente,83.0966,1,31,0.050000
1997,decreciente,83.1029,1,27,0.050000
1998,decreciente,87.9924,1,25,0.050000
1999,decreciente,84.7984,1,27,0.050000
2000,decreciente,80.8172,1,29,0.050000
2001,decreciente,85.6548,1,26,0.050000
2002,decreciente,84.4241,1,28,0.050000
2003,decreciente,80.6536,1,32,0.050000
2004,decreciente,84.8022,1,24,0.050000
2005,decreciente,85.5328,1,27,0.050000
2006,decreciente,86.8891,1,25,0.050000
2007,decreciente,87.2928,1,25,0.050000
2008,decreciente,80.9601,1,30,0.050000
2009,decreciente,89.3145,1,24,0.050000
2010,decreciente,80.8915,1,32,0.050000
2011,decreciente,79.1352,1,33,0.050000
2012,decreciente,87.2120,1,24,0.050000
2013,decreciente,89.4719,1,23,0.050000
2014,decreciente,88.0402,1,24,0.050000
2015,decreciente,79.3391,1,35,0.050000
2016,decreciente,94.1940,1,17,0.050000
2017,decreciente,94.1745,1,20,0.050000
2018,decreciente,75.9031,1,37,0.050000
2019,decreciente,84.2402,1,28,0.050000
2020,decreciente,79.0856,1,32,0.050000
2021,decreciente,80.6598,1,29,0.050000
2022,decreciente,77.4349,1,38,0.050000
2023,decreciente,91.9041,1,20,0.050000
2024,decreciente,93.4329,1,21,0.050000
2025,decreciente,87.7473,1,23,0.050000
2026,decreciente,84.6641,1,28,0.050000
2027,decreciente,81.9097,1,30,0.050000
2028,decreciente,77.4171,1,34,0.050000
2029,decreciente,86.2728,1,25,0.050000
2030,decreciente,88.2031,1,25,0.050000
2031,decreciente,87.4924,1,25,0.050000
2032,decreciente,76.4300,1,38,0.050000
2033,decreciente,87.7533,1,23,0.050000
2034,decreciente,90.7974,1,22,0.050000
2035,decreciente,89.6302,1,23,0.050000
2036,decreciente,84.0360,1,30,0.050000
2037,decreciente,84.1906,1,31,0.050000
2038,decreciente,84.6850,1,26,0.050000
2039,decreciente,89.2689,1,22,0.050000
2040,decreciente,85.9205,1,23,0.050000
2041,decreciente,87.3834,1,28,0.050000
2042,decreciente,86.6535,1,26,0.050000
2043,decreciente,95.1943,1,17,0.050000
2044,decreciente,85.9421,1,26,0.050000
2045,decreciente,84.3881,1,27,0.050000
2046,decreciente,83.2217,1,31,0.050000
2047,decreciente,84.3834,1,27,0.050000
2048,decreciente,94.4558,1,20,0.050000
2049,decreciente,84.3234,1,28,0.050000
2050,decreciente,79.6935,1,34,0.050000
2051,decreciente,80.4118,1,33,0.050000
2052,decreciente,89.0959,1,23,0.050000
2053,decreciente,79.3360,1,36,0.050000
2054,decreciente,82.7919,1,30,0.050000
2055,decreciente,91.3784,1,20,0.050000
2056,decreciente,79.4571,1,35,0.050000
2057,decreciente,80.0629,1,33,0.050000
2058,decreciente,87.5476,1,24,0.050000
2059,decreciente,81.7564,1,32,0.050000
2060,decreciente,80.0780,1,32,0.050000
2061,decreciente,80.7436,1,32,0.050000
2062,decreciente,88.4325,1,27,0.050000
2063,decreciente,89.9969,1,23,0.050000
2064,decreciente,77.3549,1,35,0.050000
2065,decreciente,84.7362,1,28,0.050000
2066,decreciente,84.4280,1,27,0.050000
2067,decreciente,83.1162,1,29,0.050000
2068,decreciente,88.6503,1,23,0.050000
2069,decreciente,86.8639,1,24,0.050000
2070,decreciente,88.4715,1,25,0.050000
2071,decreciente,89.9865,1,21,0.050000
2072,decreciente,88.9475,1,26,0.050000
2073,decreciente,81.5017,1,29,0.050000
2074,decreciente,84.7677,1,27,0.050000
2075,decreciente,81.7377,1,28,0.050000
2076,decreciente,85.4885,1,28,0.050000
2077,decreciente,84.0174,1,28,0.050000
2078,decreciente,83.3122,1,29,0.050000
2079,decreciente,78.4401,1,35,0.050000
2080,decreciente,82.2484,1,29,0.050000
2081,decreciente,79.1148,1,33,0.050000
2082,decreciente,82.1536,1,28,0.050000
2083,decreciente,77.4214,1,35,0.050000
2084,decreciente,86.8087,1,25,0.050000
2085,decreciente,84.2208,1,25,0.050000
2086,decreciente,90.2914,1,22,0.050000
2087,decreciente,84.7144,1,29,0.050000
2088,decreciente,84.4306,1,28,0.050000
2089,decreciente,87.1183,1,25,0.050000
2090,decreciente,94.3002,1,18,0.050000
2091,decreciente,87.4399,1,25,0.050000
2092,decreciente,81.7491,1,31,0.050000
2093,decreciente,78.7334,1,33,0.050000
2094,decreciente,82.1837,1,27,0.050000
2095,decreciente,85.2966,1,26,0.050000
2096,decreciente,86.5810,1,26,0.050000
2097,decreciente,84.6565,1,28,0.050000
2098,decreciente,82.2177,1,31,0.050000
2099,decreciente,84.6947,1,25,0.050000
2100,decreciente,88.9124,1,24,0.050000
2101,decreciente,81.6971,1,31,0.050000
2102,decreciente,85.9366,1,26,0.050000
2103,decreciente,82.4045,1,32,0.050000
2104,decreciente,90.2853,1,22,0.050000
2105,decreciente,83.4214,1,30,0.050000
2106,decreciente,87.6368,1,25,0.050000
2107,decreciente,82.7221,1,31,0.050000
2108,decreciente,77.6508,1,36,0.050000
2109,decreciente,76.6880,1,36,0.050000
2110,decreciente,88.3494,1,22,0.050000
2111,decreciente,80.3819,1,30,0.050000
2112,decreciente,83.8690,1,30,0.050000
2113,decreciente,84.9084,1,29,0.050000
2114,decreciente,76.8088,1,36,0.050000
2115,decreciente,84.5637,1,26,0.050000
2116,decreciente,79.6448,1,32,0.050000
2117,decreciente,92.3277,1,20,0.050000
2118,decreciente,85.7107,1,27,0.050000
2119,decreciente,86.6391,1,24,0.050000
2120,decreciente,93.2104,1,20,0.050000
2121,decreciente,81.5767,1,32,0.050000
2122,decreciente,85.2672,1,26,0.050000
2123,decreciente,83.8914,1,28,0.050000
2124,decreciente,81.5803,1,31,0.050000
2125,decreciente,81.9453,1,29,0.050000
2126,decreciente,83.7395,1,30,0.050000
2127,decreciente,93.9296,1,19,0.050000
2128,decreciente,83.3962,1,29,0.050000
2129,decreciente,87.5975,1,24,0.050000
2130,decreciente,81.8062,1,31,0.050000
2131,decreciente,87.0207,1,27,0.050000
2132,decreciente,83.0746,1,29,0.050000
2133,decreciente,97.6567,1,14,0.050000
2134,decreciente,80.4838,1,31,0.050000
2135,decreciente,75.7412,1,36,0.050000
2136,decreciente,84.1993,1,30,0.050000
2137,decreciente,79.7964,1,31,0.050000
2138,decreciente,88.0206,1,25,0.050000
2139,decreciente,81.9885,1,31,0.050000
2140,decreciente,80.5472,1,31,0.050000
2141,decreciente,94.7855,1,20,0.050000
2142,decreciente,78.1028,1,34,0.050000
2143,decreciente,89.4341,1,22,0.050000
2144,decreciente,88.0118,1,23,0.050000
2145,decreciente,88.2203,1,23,0.050000
2146,decreciente,98.0681,1,15,0.050000
2147,decreciente,93.3691,1,22,0.050000
2148,decreciente,76.2638,1,36,0.050000
2149,decreciente,82.1342,1,32,0.050000
2150,decreciente,85.4483,1,25,0.050000
2151,decreciente,84.9844,1,30,0.050000
2152,decreciente,84.2108,1,28,0.050000
2153,decreciente,84.4978,1,27,0.050000
2154,decreciente,84.4010,1,27,0.050000
2155,decreciente,81.8064,1,31,0.050000
2156,decreciente,85.7749,1,24,0.050000
2157,decreciente,87.9185,1,22,0.050000
2158,decreciente,82.7589,1,28,0.050000
2159,decreciente,90.1786,1,22,0.050000
2160,decreciente,85.9898,1,27,0.050000
2161,decreciente,83.1787,1,30,0.050000
2162,decreciente,90.0281,1,23,0.050000
2163,decreciente,92.8176,1,21,0.050000
2164,decreciente,86.4123,1,24,0.050000
2165,decreciente,92.4578,1,19,0.050000
2166,decreciente,78.4218,1,36,0.050000
2167,decreciente,95.8618,1,16,0.050000
2168,decreciente,88.2393,1,23,0.050000
2169,decreciente,79.3388,1,32,0.050000
2170,decreciente,84.0944,1,27,0.050000
2171,decreciente,84.1866,1,29,0.050000
2172,decreciente,87.9847,1,23,0.050000
2173,decreciente,96.4735,1,15,0.050000
2174,decreciente,81.7596,1,31,0.050000
2175,decreciente,78.7709,1,36,0.050000
2176,decreciente,82.6019,1,28,0.050000
2177,decreciente,88.3092,1,22,0.050000
2178,decreciente,89.6236,1,20,0.050000
2179,decreciente,88.0843,1,24,0.050000
2180,decreciente,77.0536,1,36,0.050000
2181,decreciente,84.6329,1,26,0.050000
2182,decreciente,85.8708,1,26,0.050000
2183,decreciente,92.7211,1,20,0.050000
2184,decreciente,86.4463,1,25,0.050000
2185,decreciente,91.6352,1,22,0.050000
2186,decreciente,86.2236,1,23,0.050000
2187,decreciente,88.6887,1,24,0.050000
2188,decreciente,94.3668,1,18,0.050000
2189,decreciente,81.5604,1,29,0.050000
2190,decreciente,79.5430,1,34,0.050000
2191,decreciente,88.1989,1,24,0.050000
2192,decreciente,78.5142,1,33,0.050000
2193,decreciente,80.8513,1,34,0.050000
2194,decreciente,91.8353,1,19,0.050000
2195,decreciente,79.3032,1,33,0.050000
2196,decreciente,94.7883,1,16,0.050000
2197,decreciente,86.2836,1,27,0.050000
2198,decreciente,83.3133,1,29,0.050000
2199,decreciente,82.4561,1,26,0.050000
2200,decreciente,90.0160,1,23,0.050000
2201,decreciente,80.9224,1,32,0.050000
2202,decreciente,86.3675,1,28,0.050000
2203,decreciente,82.0078,1,28,0.050000
2204,decreciente,82.6480,1,29,0.050000
2205,decreciente,86.3409,1,25,0.050000
2206,decreciente,84.0767,1,30,0.050000
2207,decreciente,93.0208,1,17,0.050000
2208,decreciente,79.2120,1,33,0.050000
2209,decreciente,87.8219,1,22,0.050000
2210,decreciente,81.1146,1,32,0.050000
2211,decreciente,83.2053,1,32,0.050000
2212,decreciente,88.9477,1,22,0.050000
2213,decreciente,78.9355,1,35,0.050000
2214,decreciente,87.9618,1,24,0.050000
2215,decreciente,82.6609,1,29,0.050000
2216,decreciente,90.8745,1,21,0.050000
2217,decreciente,76.9081,1,37,0.050000
2218,decreciente,85.5131,1,29,0.050000
2219,decreciente,82.3600,1,31,0.050000
2220,decreciente,83.4539,1,28,0.050000
2221,decreciente,89.6149,1,22,0.050000
2222,decreciente,88.2227,1,25,0.050000
2223,decreciente,86.8848,1,26,0.050000
2224,decreciente,79.3014,1,31,0.050000
2225,decreciente,77.4788,1,37,0.050000
2226,decreciente,84.5375,1,27,0.050000
2227,decreciente,85.8031,1,28,0.050000
2228,decreciente,86.3227,1,26,0.050000
2229,decreciente,85.9831,1,27,0.050000
2230,decreciente,82.7819,1,30,0.050000
2231,decreciente,90.0955,1,20,0.050000
2232,decreciente,86.7039,1,24,0.050000
2233,decreciente,85.3634,1,28,0.050000
2234,decreciente,92.1696,1,17,0.050000
2235,decreciente,82.5814,1,32,0.050000
2236,decreciente,79.0756,1,34,0.050000
2237,decreciente,81.7150,1,30,0.050000
2238,decreciente,85.9432,1,24,0.050000
2239,decreciente,85.5954,1,26,0.050000
2240,decreciente,96.8540,1,15,0.050000
2241,decreciente,92.9156,1,19,0.050000
2242,decreciente,89.6690,1,25,0.050000
2243,decreciente,87.3928,1,27,0.050000
2244,decreciente,84.5224,1,28,0.050000
2245,decreciente,81.1207,1,31,0.050000
2246,decreciente,92.2849,1,21,0.050000
2247,decreciente,90.2288,1,25,0.050000
2248,decreciente,87.0302,1,25,0.050000
2249,decreciente,85.3159,1,29,0.050000
2250,decreciente,86.0808,1,26,0.050000
2251,decreciente,82.0715,1,29,0.050000
2252,decreciente,78.1420,1,34,0.050000
2253,decreciente,84.3593,1,28,0.050000
2254,decreciente,96.0029,1,15,0.050000
2255,decreciente,86.2166,1,29,0.050000
2256,decreciente,77.5457,1,33,0.050000
2257,decreciente,81.6092,1,30,0.050000
2258,decreciente,84.7438,1,26,0.050000
2259,decreciente,90.1442,1,23,0.050000
2260,decreciente,85.8890,1,27,0.050000
2261,decreciente,89.0113,1,24,0.050000
2262,decreciente,81.4834,1,30,0.050000
2263,decreciente,92.2946,1,17,0.050000
2264,decreciente,83.3969,1,28,0.050000
2265,decreciente,75.5304,1,37,0.050000
2266,decreciente,81.3747,1,33,0.050000
2267,decreciente,78.0929,1,33,0.050000
2268,decreciente,87.5322,1,26,0.050000
2269,decreciente,82.3636,1,31,0.050000
2270,decreciente,89.1465,1,23,0.050000
2271,decreciente,96.6649,1,17,0.050000
2272,decreciente,92.4590,1,19,0.050000
2273,decreciente,79.9646,1,33,0.050000
2274,decreciente,81.6176,1,29,0.050000
2275,decreciente,83.2812,1,27,0.050000
2276,decreciente,82.8075,1,29,0.050000
2277,decreciente,87.5967,1,24,0.050000
2278,decreciente,85.0533,1,27,0.050000
2279,decreciente,94.9343,1,16,0.050000
2280,decreciente,83.6910,1,29,0.050000
2281,decreciente,90.8591,1,23,0.050000
2282,decreciente,82.4844,1,28,0.050000
2283,decreciente,86.1021,1,27,0.050000
2284,decreciente,88.4935,1,24,0.050000
2285,decreciente,81.2924,1,31,0.050000
2286,decreciente,88.6606,1,23,0.050000
2287,decreciente,84.2376,1,27,0.050000
2288,decreciente,77.4477,1,36,0.050000
2289,decreciente,78.9043,1,35,0.050000
2290,decreciente,91.4785,1,22,0.050000
2291,decreciente,76.3790,1,37,0.050000
2292,decreciente,84.8994,1,27,0.050000
2293,decreciente,84.5610,1,26,0.050000
2294,decreciente,88.4650,1,22,0.050000
2295,decreciente,81.3080,1,31,0.050000
2296,decreciente,82.4949,1,31,0.050000
2297,decreciente,83.3435,1,28,0.050000
2298,decreciente,90.1704,1,21,0.050000
2299,decreciente,83.7811,1,29,0.050000
2300,decreciente,81.1813,1,31,0.050000
2301,decreciente,93.9848,1,16,0.050000
2302,decreciente,85.5844,1,28,0.050000
2303,decreciente,83.8379,1,27,0.050000
2304,decreciente,80.5665,1,32,0.050000
2305,decreciente,84.0972,1,28,0.050000
2306,decreciente,92.9268,1,19,0.050000
2307,decreciente,82.2263,1,30,0.050000
2308,decreciente,93.0932,1,20,0.050000
2309,decreciente,83.7316,1,28,0.050000
2310,decreciente,81.4485,1,30,0.050000
2311,decreciente,79.8971,1,35,0.050000
2312,decreciente,80.1096,1,34,0.050000
2313,decreciente,91.7420,1,21,0.050000
2314,decreciente,91.9895,1,20,0.050000
2315,decreciente,79.9178,1,31,0.050000
2316,decreciente,93.8303,1,18,0.050000
2317,decreciente,80.8130,1,30,0.050000
2318,decreciente,88.5200,1,23,0.050000
2319,decreciente,85.2910,1,28,0.050000
2320,decreciente,83.7924,1,27,0.050000
2321,decreciente,81.6710,1,31,0.050000
2322,decreciente,89.2242,1,21,0.050000
2323,decreciente,86.5908,1,24,0.050000
2324,decreciente,89.3070,1,25,0.050000
2325,decreciente,77.2313,1,36,0.050000
2326,decreciente,78.0055,1,34,0.050000
2327,decreciente,85.4104,1,25,0.050000
2328,decreciente,75.1420,1,37,0.050000
2329,decreciente,84.4819,1,27,0.050000
2330,decreciente,84.6553,1,25,0.050000
2331,decreciente,96.3726,1,15,0.050000
2332,decreciente,87.7334,1,24,0.050000
2333,decreciente,86.0778,1,26,0.050000
2334,decreciente,88.1108,1,26,0.050000
2335,decreciente,94.9415,1,19,0.050000
2336,decreciente,86.3386,1,29,0.050000
2337,decreciente,80.8310,1,30,0.050000
2338,decreciente,82.0239,1,29,0.050000
2339,decreciente,92.9794,1,19,0.050000
2340,decreciente,98.2907,1,13,0.050000
2341,decreciente,87.8737,1,27,0.050000
2342,decreciente,90.8359,1,20,0.050000
2343,decreciente,90.5000,1,23,0.050000
2344,decreciente,87.0087,1,24,0.050000
2345,decreciente,87.0596,1,23,0.050000
2346,decreciente,82.5908,1,27,0.050000
2347,decreciente,85.7419,1,23,0.050000
2348,decreciente,81.2513,1,32,0.050000
2349,decreciente,84.7976,1,28,0.050000
2350,decreciente,85.7144,1,27,0.050000
2351,decreciente,81.5319,1,31,0.050000
2352,decreciente,94.3967,1,19,0.050000
2353,decreciente,85.1099,1,27,0.050000
2354,decreciente,92.3166,1,21,0.050000
2355,decreciente,86.4609,1,24,0.050000
2356,decreciente,81.2774,1,30,0.050000
2357,decreciente,91.7844,1,18,0.050000
2358,decreciente,83.6481,1,29,0.050000
2359,decreciente,85.8923,1,27,0.050000
2360,decreciente,84.8335,1,25,0.050000
2361,decreciente,85.0939,1,30,0.050000
2362,decreciente,75.7613,1,39,0.050000
2363,decreciente,81.4106,1,31,0.050000
2364,decreciente,81.6284,1,30,0.050000
2365,decreciente,91.5963,1,21,0.050000
2366,decreciente,91.2062,1,18,0.050000
2367,decreciente,92.8916,1,20,0.050000
2368,decreciente,83.7555,1,29,0.050000
2369,decreciente,86.1919,1,26,0.050000
2370,decreciente,87.0974,1,25,0.050000
2371,decreciente,81.7246,1,33,0.050000
2372,decreciente,88.1097,1,24,0.050000
2373,decreciente,95.8592,1,16,0.050000
2374,decreciente,95.2580,1,14,0.050000
2375,decreciente,87.1203,1,25,0.050000
2376,decreciente,96.8596,1,16,0.050000
2377,decreciente,82.6798,1,30,0.050000
2378,decreciente,87.2722,1,25,0.050000
2379,decreciente,80.4995,1,30,0.050000
2380,decreciente,84.4117,1,28,0.050000
2381,decreciente,92.8895,1,20,0.050000
2382,decreciente,83.2569,1,27,0.050000
2383,decreciente,87.1446,1,25,0.050000
2384,decreciente,79.4136,1,35,0.050000
2385,decreciente,94.5337,1,18,0.050000
2386,decreciente,84.3960,1,29,0.050000
2387,decreciente,79.9871,1,34,0.050000
2388,decreciente,81.7115,1,29,0.050000
2389,decreciente,83.5505,1,27,0.050000
2390,decreciente,83.5862,1,30,0.050000
2391,decreciente,85.4516,1,27,0.050000
2392,decreciente,83.5047,1,29,0.050000
2393,decreciente,81.3760,1,28,0.050000
2394,decreciente,88.7403,1,25,0.050000
2395,decreciente,84.1917,1,27,0.050000
2396,decreciente,77.9274,1,35,0.050000
2397,decreciente,77.2225,1,38,0.050000
2398,decreciente,88.7927,1,22,0.050000
2399,decreciente,79.8579,1,35,0.050000
2400,decreciente,87.5447,1,26,0.050000
2401,decreciente,85.7465,1,25,0.050000
2402,decreciente,83.9816,1,26,0.050000
2403,decreciente,85.1930,1,27,0.050000
2404,decreciente,81.8142,1,29,0.050000
2405,decreciente,85.2101,1,27,0.050000
2406,decreciente,83.8965,1,31,0.050000
2407,decreciente,82.4272,1,30,0.050000
2408,decreciente,76.1959,1,37,0.050000
2409,decreciente,83.2287,1,29,0.050000
2410,decreciente,80.2648,1,32,0.050000
2411,decreciente,76.5257,1,36,0.050000
2412,decreciente,83.6584,1,25,0.050000
2413,decreciente,82.5928,1,31,0.050000
2414,decreciente,90.0271,1,20,0.050000
2415,decreciente,88.4134,1,24,0.050000
2416,decreciente,87.2638,1,24,0.050000
2417,decreciente,89.5364,1,24,0.050000
2418,decreciente,84.3056,1,28,0.050000
2419,decreciente,86.0850,1,25,0.050000
2420,decreciente,88.1421,1,24,0.050000
2421,decreciente,78.9072,1,32,0.050000
2422,decreciente,75.6971,1,36,0.050000
2423,decreciente,81.7592,1,31,0.050000
2424,decreciente,77.3612,1,35,0.050000
2425,decreciente,85.3919,1,26,0.050000
2426,decreciente,83.4865,1,30,0.050000
2427,decreciente,80.2923,1,31,0.050000
2428,decreciente,91.1519,1,18,0.050000
2429,decreciente,85.0951,1,28,0.050000
2430,decreciente,89.0169,1,24,0.050000
2431,decreciente,80.8264,1,31,0.050000
2432,decreciente,87.5967,1,25,0.050000
2433,decreciente,81.1067,1,33,0.050000
2434,decreciente,89.9789,1,23,0.050000
2435,decreciente,75.0565,1,38,0.050000
2436,decreciente,78.7739,1,36,0.050000
2437,decreciente,82.3758,1,29,0.050000
2438,decreciente,88.6024,1,23,0.050000
2439,decreciente,79.2005,1,34,0.050000
2440,decreciente,90.1360,1,20,0.050000
2441,decreciente,90.6405,1,25,0.050000
2442,decreciente,89.4990,1,25,0.050000
2443,decreciente,82.8060,1,29,0.050000
2444,decreciente,87.2772,1,24,0.050000
2445,decreciente,98.0335,1,13,0.050000
2446,decreciente,91.2042,1,21,0.050000
2447,decreciente,79.1525,1,34,0.050000
2448,decreciente,85.3524,1,28,0.050000
2449,decreciente,90.5209,1,20,0.050000
2450,decreciente,81.4944,1,31,0.050000
2451,decreciente,79.6281,1,33,0.050000
2452,decreciente,80.9798,1,33,0.050000
2453,decreciente,91.1699,1,19,0.050000
2454,decreciente,89.7009,1,21,0.050000
2455,decreciente,86.9487,1,25,0.050000
2456,decreciente,86.9239,1,25,0.050000
2457,decreciente,93.9123,1,16,0.050000
2458,decreciente,90.1211,1,23,0.050000
2459,decreciente,87.6047,1,22,0.050000
2460,decreciente,76.6037,1,38,0.050000
2461,decreciente,80.5691,1,32,0.050000
2462,decreciente,88.5971,1,24,0.050000
2463,decreciente,80.7837,1,34,0.050000
2464,decreciente,76.2982,1,37,0.050000
2465,decreciente,88.9197,1,23,0.050000
2466,decreciente,87.3121,1,26,0.050000
2467,decreciente,87.2436,1,25,0.050000
2468,decreciente,86.1145,1,25,0.050000
2469,decreciente,86.0593,1,28,0.050000
2470,decreciente,83.1395,1,31,0.050000
2471,decreciente,81.1027,1,31,0.050000
2472,decreciente,87.9677,1,25,0.050000
2473,decreciente,78.5862,1,34,0.050000
2474,decreciente,81.7882,1,30,0.050000
2475,decreciente,81.0859,1,30,0.050000
2476,decreciente,92.4172,1,19,0.050000
2477,decreciente,83.7989,1,28,0.050000
2478,decreciente,84.0353,1,30,0.050000
2479,decreciente,94.2657,1,18,0.050000
2480,decreciente,80.0174,1,34,0.050000
2481,decreciente,80.0996,1,32,0.050000
2482,decreciente,80.5158,1,32,0.050000
2483,decreciente,79.4097,1,32,0.050000
2484,decreciente,93.0339,1,20,0.050000
2485,decreciente,82.4079,1,31,0.050000
2486,decreciente,87.8373,1,22,0.050000
2487,decreciente,81.5531,1,32,0.050000
2488,decreciente,93.0120,1,20,0.050000
2489,decreciente,81.3952,1,31,0.050000
2490,decreciente,88.3720,1,22,0.050000
2491,decreciente,89.3338,1,26,0.050000
2492,decreciente,82.1405,1,30,0.050000
2493,decreciente,82.9714,1,30,0.050000
2494,decreciente,87.7064,1,24,0.050000
2495,decreciente,80.6665,1,33,0.050000
2496,decreciente,93.7270,1,17,0.050000
2497,decreciente,83.8229,1,28,0.050000
2498,decreciente,94.3616,1,18,0.050000
2499,decreciente,91.3092,1,19,0.050000
2500,decreciente,83.0163,1,29,0.050000
2501,decreciente,85.3913,1,26,0.050000
2502,decreciente,83.2340,1,29,0.050000
2503,decreciente,84.7042,1,27,0.050000
2504,decreciente,87.1259,1,27,0.050000
2505,decreciente,86.7481,1,25,0.050000
2506,decreciente,85.5311,1,26,0.050000
2507,decreciente,86.1353,1,26,0.050000
2508,decreciente,87.8498,1,27,0.050000
2509,decreciente,81.7799,1,33,0.050000
2510,decreciente,86.6215,1,27,0.050000
2511,decreciente,83.2408,1,27,0.050000
2512,decreciente,81.6078,1,32,0.050000
2513,decreciente,88.8407,1,25,0.050000
2514,decreciente,80.6994,1,32,0.050000
2515,decreciente,88.3185,1,26,0.050000
2516,decreciente,78.9204,1,34,0.050000
2517,decreciente,92.7450,1,19,0.050000
2518,decreciente,89.4625,1,23,0.050000
2519,decreciente,86.8016,1,25,0.050000
2520,decreciente,82.6687,1,30,0.050000
2521,decreciente,85.8200,1,25,0.050000
2522,decreciente,77.9937,1,35,0.050000
2523,decreciente,76.4249,1,38,0.050000
2524,decreciente,85.4811,1,25,0.050000
2525,decreciente,85.8216,1,28,0.050000
2526,decreciente,92.4741,1,18,0.050000
2527,decreciente,91.9341,1,20,0.050000
2528,decreciente,81.8556,1,29,0.050000
2529,decreciente,86.8196,1,25,0.050000
2530,decreciente,80.0864,1,30,0.050000
2531,decreciente,74.7259,1,38,0.050000
2532,decreciente,83.8815,1,29,0.050000
2533,decreciente,83.1787,1,28,0.050000
2534,decreciente,83.7984,1,27,0.050000
2535,decreciente,79.9175,1,33,0.050000
2536,decreciente,80.0636,1,34,0.050000
2537,decreciente,86.7162,1,26,0.050000
2538,decreciente,82.3799,1,29,0.050000
2539,decreciente,82.3392,1,28,0.050000
2540,decreciente,85.3997,1,29,0.050000
2541,decreciente,85.7959,1,28,0.050000
2542,decreciente,82.5921,1,31,0.050000
2543,decreciente,89.9696,1,24,0.050000
2544,decreciente,81.5797,1,30,0.050000
2545,decreciente,79.5111,1,33,0.050000
2546,decreciente,81.3276,1,32,0.050000
2547,decreciente,80.3308,1,34,0.050000
2548,decreciente,82.2885,1,28,0.050000
2549,decreciente,81.5982,1,31,0.050000
2550,decreciente,80.4991,1,31,0.050000
2551,decreciente,82.4270,1,30,0.050000
2552,decreciente,88.7409,1,22,0.050000
2553,decreciente,87.9769,1,22,0.050000
2554,decreciente,83.4150,1,30,0.050000
2555,decreciente,85.1048,1,26,0.050000
2556,decreciente,93.1586,1,22,0.050000
2557,decreciente,90.2922,1,22,0.050000
2558,decreciente,81.3212,1,31,0.050000
2559,decreciente,90.7250,1,22,0.050000
2560,decreciente,88.1639,1,23,0.050000
2561,decreciente,76.6787,1,37,0.050000
2562,decreciente,88.1343,1,25,0.050000
2563,decreciente,77.6602,1,34,0.050000
2564,decreciente,85.0886,1,26,0.050000
2565,decreciente,91.9845,1,20,0.050000
2566,decreciente,85.0093,1,26,0.050000
2567,decreciente,77.5944,1,35,0.050000
2568,decreciente,84.5842,1,28,0.050000
2569,decreciente,81.1824,1,31,0.050000
2570,decreciente,86.1005,1,26,0.050000
2571,decreciente,87.6331,1,22,0.050000
2572,decreciente,81.5711,1,30,0.050000
2573,decreciente,92.1168,1,22,0.050000
2574,decreciente,80.1391,1,34,0.050000
2575,decreciente,93.1528,1,19,0.050000
2576,decreciente,85.3388,1,27,0.050000
2577,decreciente,77.6230,1,34,0.050000
2578,decreciente,82.6906,1,28,0.050000
2579,decreciente,88.6134,1,21,0.050000
2580,decreciente,88.0374,1,24,0.050000
2581,decreciente,81.2436,1,29,0.050000
2582,decreciente,84.2699,1,27,0.050000
2583,decreciente,90.6324,1,23,0.050000
2584,decreciente,84.4301,1,29,0.050000
2585,decreciente,96.5095,1,16,0.050000
2586,decreciente,83.6035,1,28,0.050000
2587,decreciente,85.4239,1,28,0.050000
2588,decreciente,78.4244,1,33,0.050000
2589,decreciente,82.6442,1,27,0.050000
2590,decreciente,89.5763,1,23,0.050000
2591,decreciente,82.4377,1,30,0.050000
2592,decreciente,93.1877,1,18,0.050000
2593,decreciente,91.1053,1,20,0.050000
2594,decreciente,80.0288,1,33,0.050000
2595,decreciente,93.2425,1,21,0.050000
2596,decreciente,86.5249,1,25,0.050000
2597,decreciente,97.6016,1,16,0.050000
2598,decreciente,85.8493,1,29,0.050000
2599,decreciente,78.0099,1,34,0.050000
2600,decreciente,85.8624,1,26,0.050000
2601,decreciente,84.0019,1,29,0.050000
2602,decreciente,88.1640,1,24,0.050000
2603,decreciente,83.7415,1,28,0.050000
2604,decreciente,85.7375,1,24,0.050000
2605,decreciente,85.1576,1,24,0.050000
2606,decreciente,89.6688,1,25,0.050000
2607,decreciente,80.6010,1,32,0.050000
2608,decreciente,83.8553,1,28,0.050000
2609,decreciente,83.1821,1,32,0.050000
2610,decreciente,87.6879,1,24,0.050000
2611,decreciente,81.8959,1,29,0.050000
2612,decreciente,91.7000,1,19,0.050000
2613,decreciente,82.1421,1,29,0.050000
2614,decreciente,86.5225,1,24,0.050000
2615,decreciente,90.2728,1,23,0.050000
2616,decreciente,80.4078,1,32,0.050000
2617,decreciente,80.5518,1,35,0.050000
2618,decreciente,88.0222,1,27,0.050000
2619,decreciente,91.2087,1,20,0.050000
2620,decreciente,83.0076,1,27,0.050000
2621,decreciente,80.8048,1,31,0.050000
2622,decreciente,85.2295,1,25,0.050000
2623,decreciente,82.8418,1,30,0.050000
2624,decreciente,83.3811,1,27,0.050000
2625,decreciente,80.4067,1,33,0.050000
2626,decreciente,82.7536,1,29,0.050000
2627,decreciente,82.9130,1,31,0.050000
2628,decreciente,90.2478,1,22,0.050000
2629,decreciente,89.1116,1,24,0.050000
2630,decreciente,82.0224,1,29,0.050000
2631,decreciente,86.0743,1,27,0.050000
2632,decreciente,85.8312,1,26,0.050000
2633,decreciente,80.9844,1,31,0.050000
2634,decreciente,78.2811,1,37,0.050000
2635,decreciente,84.6010,1,29,0.050000
2636,decreciente,80.3552,1,30,0.050000
2637,decreciente,96.3717,1,14,0.050000
2638,decreciente,83.4849,1,29,0.050000
2639,decreciente,81.5495,1,29,0.050000
2640,decreciente,88.0065,1,22,0.050000
2641,decreciente,80.3275,1,31,0.050000
2642,decreciente,85.3573,1,25,0.050000
2643,decreciente,88.8607,1,23,0.050000
2644,decreciente,89.4348,1,21,0.050000
2645,decreciente,86.1978,1,29,0.050000
2646,decreciente,84.6623,1,27,0.050000
2647,decreciente,88.7996,1,23,0.050000
2648,decreciente,87.1120,1,23,0.050000
2649,decreciente,90.2872,1,23,0.050000
2650,decreciente,85.5555,1,24,0.050000
2651,decreciente,81.1117,1,31,0.050000
2652,decreciente,84.2429,1,26,0.050000
2653,decreciente,83.8112,1,30,0.050000
2654,decreciente,87.9451,1,24,0.050000
2655,decreciente,91.4968,1,23,0.050000
2656,decreciente,87.2755,1,24,0.050000
2657,decreciente,84.0467,1,28,0.050000
2658,decreciente,91.3450,1,21,0.050000
2659,decreciente,84.7098,1,28,0.050000
2660,decreciente,80.7312,1,30,0.050000
2661,decreciente,74.8012,1,38,0.050000
2662,decreciente,87.3286,1,23,0.050000
2663,decreciente,85.5223,1,27,0.050000
2664,decreciente,93.5859,1,17,0.050000
2665,decreciente,76.6187,1,35,0.050000
2666,decreciente,79.2184,1,34,0.050000
2667,decreciente,83.8134,1,29,0.050000
2668,decreciente,82.9214,1,30,0.050000
2669,decreciente,81.2125,1,30,0.050000
2670,decreciente,89.6250,1,22,0.050000
2671,decreciente,84.9303,1,28,0.050000
2672,decreciente,94.0963,1,18,0.050000
2673,decreciente,86.3149,1,25,0.050000
2674,decreciente,84.0217,1,26,0.050000
2675,decreciente,82.4361,1,31,0.050000
2676,decreciente,83.4410,1,28,0.050000
2677,decreciente,78.8085,1,37,0.050000
2678,decreciente,86.2085,1,29,0.050000
2679,decreciente,81.1632,1,32,0.050000
2680,decreciente,75.9031,1,38,0.050000
2681,decreciente,83.1192,1,30,0.050000
2682,decreciente,81.3943,1,28,0.050000
2683,decreciente,85.1326,1,26,0.050000
2684,decreciente,87.5936,1,23,0.050000
2685,decreciente,93.0511,1,16,0.050000
2686,decreciente,81.3033,1,28,0.050000
2687,decreciente,85.4645,1,27,0.050000
2688,decreciente,78.7830,1,35,0.050000
2689,decreciente,86.9284,1,27,0.050000
2690,decreciente,94.5020,1,18,0.050000
2691,decreciente,88.3544,1,23,0.050000
2692,decreciente,80.1648,1,31,0.050000
2693,decreciente,78.4174,1,34,0.050000
2694,decreciente,85.5654,1,26,0.050000
2695,decreciente,80.1356,1,32,0.050000
2696,decreciente,84.2713,1,27,0.050000
2697,decreciente,91.7366,1,17,0.050000
2698,decreciente,96.8850,1,16,0.050000
2699,decreciente,82.9267,1,31,0.050000
2700,decreciente,78.8666,1,34,0.050000
2701,decreciente,90.0464,1,24,0.050000
2702,decreciente,83.2111,1,28,0.050000
2703,decreciente,84.3761,1,27,0.050000
2704,decreciente,77.3983,1,35,0.050000
2705,decreciente,86.7741,1,26,0.050000
2706,decreciente,86.7441,1,26,0.050000
2707,decreciente,85.6239,1,26,0.050000
2708,decreciente,97.9542,1,13,0.050000
2709,decreciente,83.6728,1,25,0.050000
2710,decreciente,87.8419,1,24,0.050000
2711,decreciente,80.1777,1,33,0.050000
2712,decreciente,91.1425,1,23,0.050000
2713,decreciente,75.2060,1,39,0.050000
2714,decreciente,86.0878,1,28,0.050000
2715,decreciente,84.4693,1,27,0.050000
2716,decreciente,85.0039,1,28,0.050000
2717,decreciente,85.9566,1,26,0.050000
2718,decreciente,93.8118,1,18,0.050000
2719,decreciente,80.9685,1,28,0.050000
2720,decreciente,83.0178,1,30,0.050000
2721,decreciente,86.9244,1,25,0.050000
2722,decreciente,82.6088,1,30,0.050000
2723,decreciente,85.2670,1,27,0.050000
2724,decreciente,88.7172,1,22,0.050000
2725,decreciente,80.8567,1,32,0.050000
2726,decreciente,80.5361,1,33,0.050000
2727,decreciente,87.4464,1,23,0.050000
2728,decreciente,89.6205,1,23,0.050000
2729,decreciente,94.0148,1,20,0.050000
2730,decreciente,87.9704,1,25,0.050000
2731,decreciente,79.1066,1,32,0.050000
2732,decreciente,83.2997,1,27,0.050000
2733,decreciente,97.8714,1,15,0.050000
2734,decreciente,86.7484,1,25,0.050000
2735,decreciente,80.3951,1,31,0.050000
2736,decreciente,82.9945,1,27,0.050000
2737,decreciente,83.4713,1,27,0.050000
2738,decreciente,84.6115,1,26,0.050000
2739,decreciente,84.9092,1,27,0.050000
2740,decreciente,86.5551,1,28,0.050000
2741,decreciente,89.2343,1,23,0.050000
2742,decreciente,92.4342,1,22,0.050000
2743,decreciente,82.8617,1,30,0.050000
2744,decreciente,93.8368,1,20,0.050000
2745,decreciente,84.6956,1,25,0.050000
2746,decreciente,84.6799,1,27,0.050000
2747,decreciente,95.7015,1,17,0.050000
2748,decreciente,86.0288,1,24,0.050000
2749,decreciente,82.8379,1,31,0.050000
2750,decreciente,82.8345,1,27,0.050000
2751,decreciente,86.6981,1,24,0.050000
2752,decreciente,95.1249,1,15,0.050000
2753,decreciente,89.9213,1,22,0.050000
2754,decreciente,76.5507,1,36,0.050000
2755,decreciente,80.2211,1,30,0.050000
2756,decreciente,82.5613,1,27,0.050000
2757,decreciente,75.9056,1,40,0.050000
2758,decreciente,83.7129,1,28,0.050000
2759,decreciente,85.3962,1,24,0.050000
2760,decreciente,85.0561,1,27,0.050000
2761,decreciente,86.3286,1,26,0.050000
2762,decreciente,82.0029,1,32,0.050000
2763,decreciente,89.2748,1,25,0.050000
2764,decreciente,80.9432,1,30,0.050000
2765,decreciente,82.1977,1,27,0.050000
2766,decreciente,97.0290,1,18,0.050000
2767,decreciente,93.4946,1,17,0.050000
2768,decreciente,85.2399,1,24,0.050000
2769,decreciente,81.8842,1,31,0.050000
2770,decreciente,82.1868,1,29,0.050000
2771,decreciente,92.2162,1,21,0.050000
2772,decreciente,76.8026,1,37,0.050000
2773,decreciente,84.1871,1,28,0.050000
2774,decreciente,80.3917,1,33,0.050000
2775,decreciente,80.0255,1,32,0.050000
2776,decreciente,81.0456,1,32,0.050000
2777,decreciente,84.5489,1,28,0.050000
2778,decreciente,84.2891,1,25,0.050000
2779,decreciente,85.9210,1,25,0.050000
2780,decreciente,91.7402,1,21,0.050000
2781,decreciente,77.0210,1,35,0.050000
2782,decreciente,95.2646,1,17,0.050000
2783,decreciente,81.6333,1,33,0.050000
2784,decreciente,91.1222,1,19,0.050000
2785,decreciente,83.0597,1,30,0.050000
2786,decreciente,79.1796,1,33,0.050000
2787,decreciente,85.1819,1,28,0.050000
2788,decreciente,77.6481,1,34,0.050000
2789,decreciente,79.8820,1,32,0.050000
2790,decreciente,90.6947,1,19,0.050000
2791,decreciente,78.6328,1,32,0.050000
2792,decreciente,81.7637,1,30,0.050000
2793,decreciente,85.7063,1,27,0.050000
2794,decreciente,82.3857,1,30,0.050000
2795,decreciente,86.9802,1,22,0.050000
2796,decreciente,82.0370,1,31,0.050000
2797,decreciente,90.3495,1,21,0.050000
2798,decreciente,78.2953,1,36,0.050000
2799,decreciente,82.8577,1,29,0.050000
2800,decreciente,92.1783,1,19,0.050000
2801,decreciente,94.1299,1,20,0.050000
2802,decreciente,90.5229,1,22,0.050000
2803,decreciente,83.6180,1,29,0.050000
2804,decreciente,88.7612,1,24,0.050000
2805,decreciente,79.3071,1,35,0.050000
2806,decreciente,74.2734,1,38,0.050000
2807,decreciente,89.8207,1,21,0.050000
2808,decreciente,91.7659,1,23,0.050000
2809,decreciente,79.7756,1,33,0.050000
2810,decreciente,84.8763,1,29,0.050000
2811,decreciente,81.9492,1,31,0.050000
2812,decreciente,90.5777,1,20,0.050000
2813,decreciente,83.9745,1,30,0.050000
2814,decreciente,84.6597,1,28,0.050000
2815,decreciente,89.5466,1,24,0.050000
2816,decreciente,80.2641,1,33,0.050000
2817,decreciente,87.7952,1,27,0.050000
2818,decreciente,80.1598,1,32,0.050000
2819,decreciente,95.1414,1,17,0.050000
2820,decreciente,81.7569,1,29,0.050000
2821,decreciente,81.6966,1,32,0.050000
2822,decreciente,83.0209,1,30,0.050000
2823,decreciente,96.3768,1,16,0.050000
2824,decreciente,86.9995,1,25,0.050000
2825,decreciente,85.6116,1,26,0.050000
2826,decreciente,85.5289,1,25,0.050000
2827,decreciente,86.1903,1,24,0.050000
2828,decreciente,88.4535,1,25,0.050000
2829,decreciente,81.5846,1,30,0.050000
2830,decreciente,78.9813,1,33,0.050000
2831,decreciente,84.0608,1,29,0.050000
2832,decreciente,94.3279,1,20,0.050000
2833,decreciente,92.2973,1,19,0.050000
2834,decreciente,94.6571,1,17,0.050000
2835,decreciente,87.3049,1,24,0.050000
2836,decreciente,80.6373,1,32,0.050000
2837,decreciente,91.6136,1,22,0.050000
2838,decreciente,83.3759,1,30,0.050000
2839,decreciente,82.9688,1,29,0.050000
2840,decreciente,91.2162,1,20,0.050000
2841,decreciente,88.5196,1,25,0.050000
2842,decreciente,80.5095,1,31,0.050000
2843,decreciente,82.4762,1,30,0.050000
2844,decreciente,84.5074,1,28,0.050000
2845,decreciente,84.7992,1,30,0.050000
2846,decreciente,79.7281,1,35,0.050000
2847,decreciente,81.6761,1,29,0.050000
2848,decreciente,91.5328,1,21,0.050000
2849,decreciente,82.0916,1,29,0.050000
2850,decreciente,77.2893,1,34,0.050000
2851,decreciente,77.5738,1,38,0.050000
2852,decreciente,79.6004,1,35,0.050000
2853,decreciente,82.5584,1,28,0.050000
2854,decreciente,82.5561,1,29,0.050000
2855,decreciente,85.6240,1,27,0.050000
2856,decreciente,92.1479,1,19,0.050000
2857,decreciente,81.1206,1,29,0.050000
2858,decreciente,83.4093,1,26,0.050000
2859,decreciente,82.9804,1,27,0.050000
2860,decreciente,81.9485,1,31,0.050000
2861,decreciente,82.7401,1,31,0.050000
2862,decreciente,78.2040,1,36,0.050000
2863,decreciente,87.8246,1,22,0.050000
2864,decreciente,88.7796,1,24,0.050000
2865,decreciente,83.7069,1,30,0.050000
2866,decreciente,90.3770,1,22,0.050000
2867,decreciente,90.7253,1,19,0.050000
2868,decreciente,78.0884,1,35,0.050000
2869,decreciente,79.4960,1,32,0.050000
2870,decreciente,81.4329,1,29,0.050000
2871,decreciente,83.7644,1,28,0.050000
2872,decreciente,96.9990,1,15,0.050000
2873,decreciente,96.5217,1,18,0.050000
2874,decreciente,81.4405,1,31,0.050000
2875,decreciente,79.9127,1,33,0.050000
2876,decreciente,75.4369,1,36,0.050000
2877,decreciente,81.5427,1,30,0.050000
2878,decreciente,92.8033,1,18,0.050000
2879,decreciente,75.8763,1,38,0.050000
2880,decreciente,84.0043,1,28,0.050000
2881,decreciente,86.0579,1,27,0.050000
2882,decreciente,82.4192,1,27,0.050000
2883,decreciente,79.1222,1,35,0.050000
2884,decreciente,93.7472,1,16,0.050000
2885,decreciente,88.7899,1,23,0.050000
2886,decreciente,6.6278,0,40,0.050000
2887,decreciente,80.6442,1,33,0.050000
2888,decreciente,82.1649,1,28,0.050000
2889,decreciente,80.5100,1,30,0.050000
2890,decreciente,80.3091,1,31,0.050000
2891,decreciente,87.5982,1,23,0.050000
2892,decreciente,86.3028,1,23,0.050000
2893,decreciente,80.9430,1,32,0.050000
2894,decreciente,83.3227,1,31,0.050000
2895,decreciente,88.8533,1,25,0.050000
2896,decreciente,81.7826,1,30,0.050000
2897,decreciente,86.5550,1,24,0.050000
2898,decreciente,88.5022,1,24,0.050000
2899,decreciente,92.9846,1,20,0.050000
2900,decreciente,87.0055,1,25,0.050000
2901,decreciente,86.1067,1,28,0.050000
2902,decreciente,85.5115,1,27,0.050000
2903,decreciente,78.9690,1,31,0.050000
2904,decreciente,96.8699,1,15,0.050000
2905,decreciente,84.5457,1,26,0.050000
2906,decreciente,79.7526,1,33,0.050000
2907,decreciente,83.8947,1,28,0.050000
2908,decreciente,77.4851,1,36,0.050000
2909,decreciente,85.8572,1,26,0.050000
2910,decreciente,84.2668,1,30,0.050000
2911,decreciente,78.2308,1,35,0.050000
2912,decreciente,83.5255,1,30,0.050000
2913,decreciente,91.6282,1,21,0.050000
2914,decreciente,80.9306,1,32,0.050000
2915,decreciente,86.7922,1,25,0.050000
2916,decreciente,88.3934,1,24,0.050000
2917,decreciente,83.3697,1,32,0.050000
2918,decreciente,85.6386,1,24,0.050000
2919,decreciente,91.1645,1,22,0.050000
2920,decreciente,86.2139,1,24,0.050000
2921,decreciente,84.8893,1,31,0.050000
2922,decreciente,82.3085,1,29,0.050000
2923,decreciente,83.0190,1,30,0.050000
2924,decreciente,78.2742,1,35,0.050000
2925,decreciente,78.3436,1,35,0.050000
2926,decreciente,92.0925,1,20,0.050000
2927,decreciente,90.1052,1,22,0.050000
2928,decreciente,79.4671,1,34,0.050000
2929,decreciente,81.8180,1,33,0.050000
2930,decreciente,84.1625,1,26,0.050000
2931,decreciente,89.5593,1,21,0.050000
2932,decreciente,78.7720,1,34,0.050000
2933,decreciente,84.6567,1,25,0.050000
2934,decreciente,81.4569,1,30,0.050000
2935,decreciente,79.8943,1,33,0.050000
2936,decreciente,82.9713,1,29,0.050000
2937,decreciente,88.9243,1,24,0.050000
2938,decreciente,78.0263,1,35,0.050000
2939,decreciente,5.4734,0,40,0.050000
2940,decreciente,84.7319,1,30,0.050000
2941,decreciente,88.0815,1,24,0.050000
2942,decreciente,81.9030,1,28,0.050000
2943,decreciente,85.1533,1,24,0.050000
2944,decreciente,88.2046,1,24,0.050000
2945,decreciente,85.6684,1,28,0.050000
2946,decreciente,81.4436,1,33,0.050000
2947,decreciente,91.4099,1,23,0.050000
2948,decreciente,79.1881,1,33,0.050000
2949,decreciente,82.8819,1,29,0.050000
2950,decreciente,83.7409,1,30,0.050000
2951,decreciente,87.2240,1,23,0.050000
2952,decreciente,80.1540,1,32,0.050000
2953,decreciente,83.0653,1,31,0.050000
2954,decreciente,92.5342,1,18,0.050000
2955,decreciente,88.3379,1,25,0.050000
2956,decreciente,93.0886,1,21,0.050000
2957,decreciente,80.1059,1,30,0.050000
2958,decreciente,82.3056,1,27,0.050000
2959,decreciente,81.8598,1,33,0.050000
2960,decreciente,82.9978,1,29,0.050000
2961,decreciente,84.0751,1,29,0.050000
2962,decreciente,83.3950,1,27,0.050000
2963,decreciente,87.4429,1,25,0.050000
2964,decreciente,85.9365,1,27,0.050000
2965,decreciente,81.7192,1,30,0.050000
2966,decreciente,84.8371,1,24,0.050000
2967,decreciente,93.2179,1,18,0.050000
2968,decreciente,95.4565,1,17,0.050000
2969,decreciente,78.8591,1,33,0.050000
2970,decreciente,83.8332,1,27,0.050000
2971,decreciente,87.4631,1,27,0.050000
2972,decreciente,86.0597,1,28,0.050000
2973,decreciente,76.7991,1,37,0.050000
2974,decreciente,80.6031,1,30,0.050000
2975,decreciente,84.1414,1,26,0.050000
2976,decreciente,78.6048,1,35,0.050000
2977,decreciente,84.8870,1,24,0.050000
2978,decreciente,89.1037,1,20,0.050000
2979,decreciente,91.7302,1,21,0.050000
2980,decreciente,88.8766,1,22,0.050000
2981,decreciente,83.5036,1,28,0.050000
2982,decreciente,7.1308,0,40,0.050000
2983,decreciente,83.5838,1,29,0.050000
2984,decreciente,78.4397,1,36,0.050000
2985,decreciente,79.2190,1,35,0.050000
2986,decreciente,75.3920,1,38,0.050000
2987,decreciente,88.8678,1,24,0.050000
2988,decreciente,85.1780,1,27,0.050000
2989,decreciente,82.1844,1,31,0.050000
2990,decreciente,84.9476,1,25,0.050000
2991,decreciente,83.9683,1,30,0.050000
2992,decreciente,81.9444,1,30,0.050000
2993,decreciente,95.3594,1,20,0.050000
2994,decreciente,83.8036,1,28,0.050000
2995,decreciente,79.0748,1,33,0.050000
2996,decreciente,81.0055,1,30,0.050000
2997,decreciente,82.6616,1,30,0.050000
2998,decreciente,84.1335,1,27,0.050000
2999,decreciente,95.5590,1,17,0.050000
3000,decreciente,95.6456,1,18,0.050000
3001,decreciente,93.1753,1,19,0.050000
3002,decreciente,83.4091,1,29,0.050000
3003,decreciente,84.4580,1,28,0.050000
3004,decreciente,85.1746,1,25,0.050000
3005,decreciente,85.0098,1,29,0.050000
3006,decreciente,81.7769,1,32,0.050000
3007,decreciente,84.2138,1,29,0.050000
3008,decreciente,80.0033,1,33,0.050000
3009,decreciente,81.4123,1,32,0.050000
3010,decreciente,76.1837,1,38,0.050000
3011,decreciente,92.2829,1,22,0.050000
3012,decreciente,85.7428,1,27,0.050000
3013,decreciente,76.5221,1,37,0.050000
3014,decreciente,84.2555,1,25,0.050000
3015,decreciente,79.0038,1,34,0.050000
3016,decreciente,89.6100,1,25,0.050000
3017,decreciente,86.4369,1,22,0.050000
3018,decreciente,77.3266,1,38,0.050000
3019,decreciente,76.2969,1,36,0.050000
3020,decreciente,84.0066,1,26,0.050000
3021,decreciente,87.7886,1,23,0.050000
3022,decreciente,87.1231,1,26,0.050000
3023,decreciente,84.5508,1,27,0.050000
3024,decreciente,75.2665,1,37,0.050000
3025,decreciente,80.5842,1,32,0.050000
3026,decreciente,88.6411,1,24,0.050000
3027,decreciente,85.8801,1,23,0.050000
3028,decreciente,86.1049,1,24,0.050000
3029,decreciente,81.2557,1,32,0.050000
3030,decreciente,81.6830,1,29,0.050000
3031,decreciente,80.1632,1,31,0.050000
3032,decreciente,82.4663,1,28,0.050000
3033,decreciente,80.8903,1,31,0.050000
3034,decreciente,82.8866,1,31,0.050000
3035,decreciente,82.4709,1,29,0.050000
3036,decreciente,79.4219,1,32,0.050000
3037,decreciente,86.0471,1,27,0.050000
3038,decreciente,84.3591,1,27,0.050000
3039,decreciente,92.5671,1,19,0.050000
3040,decreciente,77.4119,1,37,0.050000
3041,decreciente,97.8191,1,13,0.050000
3042,decreciente,73.5947,1,40,0.050000
3043,decreciente,85.0316,1,26,0.050000
3044,decreciente,84.8370,1,27,0.050000
3045,decreciente,95.6127,1,15,0.050000
3046,decreciente,85.2904,1,27,0.050000
3047,decreciente,82.1572,1,29,0.050000
3048,decreciente,87.1328,1,26,0.050000
3049,decreciente,84.8247,1,26,0.050000
3050,decreciente,83.6643,1,31,0.050000
3051,decreciente,84.0569,1,28,0.050000
3052,decreciente,89.5816,1,21,0.050000
3053,decreciente,84.2268,1,28,0.050000
3054,decreciente,83.6242,1,30,0.050000
3055,decreciente,90.2246,1,24,0.050000
3056,decreciente,85.6708,1,27,0.050000
3057,decreciente,82.2849,1,29,0.050000
3058,decreciente,83.2099,1,29,0.050000
3059,decreciente,81.2268,1,33,0.050000
3060,decreciente,85.7438,1,27,0.050000
3061,decreciente,85.2574,1,25,0.050000
3062,decreciente,86.0554,1,24,0.050000
3063,decreciente,81.6322,1,30,0.050000
3064,decreciente,80.6574,1,33,0.050000
3065,decreciente,80.0344,1,33,0.050000
3066,decreciente,84.8858,1,27,0.050000
3067,decreciente,91.8734,1,18,0.050000
3068,decreciente,80.5192,1,33,0.050000
3069,decreciente,87.9312,1,26,0.050000
3070,decreciente,86.5245,1,26,0.050000
3071,decreciente,83.0593,1,29,0.050000
3072,decreciente,86.7711,1,26,0.050000
3073,decreciente,84.5529,1,30,0.050000
3074,decreciente,79.9540,1,34,0.050000
3075,decreciente,90.8423,1,20,0.050000
3076,decreciente,90.4765,1,22,0.050000
3077,decreciente,84.6706,1,28,0.050000
3078,decreciente,80.7012,1,31,0.050000
3079,decreciente,81.3857,1,32,0.050000
3080,decreciente,80.8270,1,30,0.050000
3081,decreciente,85.7282,1,27,0.050000
3082,decreciente,85.7659,1,27,0.050000
3083,decreciente,90.3116,1,22,0.050000
3084,decreciente,82.6393,1,30,0.050000
3085,decreciente,87.6726,1,25,0.050000
3086,decreciente,87.0361,1,27,0.050000
3087,decreciente,92.5337,1,20,0.050000
3088,decreciente,93.6033,1,21,0.050000
3089,decreciente,88.3392,1,23,0.050000
3090,decreciente,79.9028,1,34,0.050000
3091,decreciente,84.8717,1,26,0.050000
3092,decreciente,81.8457,1,30,0.050000
3093,decreciente,81.6519,1,32,0.050000
3094,decreciente,98.0248,1,15,0.050000
3095,decreciente,88.7175,1,26,0.050000
3096,decreciente,90.2309,1,24,0.050000
3097,decreciente,7.0543,0,40,0.050000
3098,decreciente,87.9537,1,23,0.050000
3099,decreciente,80.8936,1,31,0.050000
3100,decreciente,82.1703,1,28,0.050000
3101,decreciente,82.8567,1,27,0.050000
3102,decreciente,87.5550,1,26,0.050000
3103,decreciente,83.0906,1,28,0.050000
3104,decreciente,79.9170,1,34,0.050000
3105,decreciente,83.6930,1,28,0.050000
3106,decreciente,82.8616,1,31,0.050000
3107,decreciente,92.9469,1,17,0.050000
3108,decreciente,79.3995,1,33,0.050000
3109,decreciente,80.7274,1,33,0.050000
3110,decreciente,79.1719,1,35,0.050000
3111,decreciente,79.0586,1,31,0.050000
3112,decreciente,91.1445,1,21,0.050000
3113,decreciente,86.7443,1,26,0.050000
3114,decreciente,79.9225,1,34,0.050000
3115,decreciente,82.7981,1,28,0.050000
3116,decreciente,93.9608,1,17,0.050000
3117,decreciente,87.8711,1,24,0.050000
3118,decreciente,82.8738,1,28,0.050000
3119,decreciente,82.7218,1,29,0.050000
3120,decreciente,78.8701,1,33,0.050000
3121,decreciente,89.0415,1,23,0.050000
3122,decreciente,85.9823,1,24,0.050000
3123,decreciente,92.8823,1,19,0.050000
3124,decreciente,84.6406,1,29,0.050000
3125,decreciente,84.5641,1,30,0.050000
3126,decreciente,83.7039,1,27,0.050000
3127,decreciente,87.9688,1,23,0.050000
3128,decreciente,77.0305,1,36,0.050000
3129,decreciente,85.0255,1,26,0.050000
3130,decreciente,87.8939,1,24,0.050000
3131,decreciente,96.0530,1,14,0.050000
3132,decreciente,78.4272,1,36,0.050000
3133,decreciente,84.8067,1,26,0.050000
3134,decreciente,82.7361,1,28,0.050000
3135,decreciente,84.5817,1,27,0.050000
3136,decreciente,84.1367,1,29,0.050000
3137,decreciente,85.3088,1,27,0.050000
3138,decreciente,88.3215,1,25,0.050000
3139,decreciente,80.5187,1,32,0.050000
3140,decreciente,85.5280,1,29,0.050000
3141,decreciente,94.1055,1,18,0.050000
3142,decreciente,89.8026,1,22,0.050000
3143,decreciente,95.8144,1,18,0.050000
3144,decreciente,86.9469,1,26,0.050000
3145,decreciente,82.0372,1,32,0.050000
3146,decreciente,87.5019,1,27,0.050000
3147,decreciente,88.6771,1,23,0.050000
3148,decreciente,90.2697,1,20,0.050000
3149,decreciente,86.0390,1,26,0.050000
3150,decreciente,93.3297,1,18,0.050000
3151,decreciente,92.3995,1,18,0.050000
3152,decreciente,81.4607,1,33,0.050000
3153,decreciente,87.0550,1,27,0.050000
3154,decreciente,85.2909,1,27,0.050000
3155,decreciente,89.3438,1,23,0.050000
3156,decreciente,86.6352,1,27,0.050000
3157,decreciente,85.1801,1,24,0.050000
3158,decreciente,84.0315,1,27,0.050000
3159,decreciente,84.8108,1,30,0.050000
3160,decreciente,79.6985,1,33,0.050000
3161,decreciente,78.5619,1,32,0.050000
3162,decreciente,88.9562,1,22,0.050000
3163,decreciente,81.0164,1,29,0.050000
3164,decreciente,79.6997,1,35,0.050000
3165,decreciente,77.7566,1,34,0.050000
3166,decreciente,86.0526,1,25,0.050000
3167,decreciente,84.8805,1,27,0.050000
3168,decreciente,92.2632,1,22,0.050000
3169,decreciente,84.9515,1,25,0.050000
3170,decreciente,83.6921,1,31,0.050000
3171,decreciente,77.4300,1,34,0.050000
3172,decreciente,84.8077,1,29,0.050000
3173,decreciente,83.7048,1,27,0.050000
3174,decreciente,88.3057,1,22,0.050000
3175,decreciente,78.1264,1,36,0.050000
3176,decreciente,94.2239,1,18,0.050000
3177,decreciente,85.3362,1,26,0.050000
3178,decreciente,81.6801,1,29,0.050000
3179,decreciente,85.9118,1,26,0.050000
3180,decreciente,87.7482,1,24,0.050000
3181,decreciente,82.4630,1,30,0.050000
3182,decreciente,81.9504,1,32,0.050000
3183,decreciente,88.0340,1,24,0.050000
3184,decreciente,93.9941,1,18,0.050000
3185,decreciente,85.1804,1,28,0.050000
3186,decreciente,83.4150,1,29,0.050000
3187,decreciente,77.2080,1,37,0.050000
3188,decreciente,85.2347,1,26,0.050000
3189,decreciente,74.8662,1,39,0.050000
3190,decreciente,92.2916,1,19,0.050000
3191,decreciente,89.1068,1,21,0.050000
3192,decreciente,79.7511,1,30,0.050000
3193,decreciente,82.9061,1,29,0.050000
3194,decreciente,79.7437,1,33,0.050000
3195,decreciente,92.9545,1,17,0.050000
3196,decreciente,82.2822,1,29,0.050000
3197,decreciente,77.1808,1,33,0.050000
3198,decreciente,81.7261,1,33,0.050000
3199,decreciente,92.8315,1,18,0.050000
3200,decreciente,85.0629,1,29,0.050000
3201,decreciente,84.9943,1,28,0.050000
3202,decreciente,86.4776,1,27,0.050000
3203,decreciente,84.7320,1,27,0.050000
3204,decreciente,85.3147,1,26,0.050000
3205,decreciente,85.4538,1,25,0.050000
3206,decreciente,90.9430,1,20,0.050000
3207,decreciente,81.6169,1,30,0.050000
3208,decreciente,83.9800,1,25,0.050000
3209,decreciente,87.1100,1,27,0.050000
3210,decreciente,89.0205,1,21,0.050000
3211,decreciente,94.7769,1,19,0.050000
3212,decreciente,78.5828,1,35,0.050000
3213,decreciente,91.8158,1,23,0.050000
3214,decreciente,85.8105,1,27,0.050000
3215,decreciente,88.5552,1,22,0.050000
3216,decreciente,86.2258,1,24,0.050000
3217,decreciente,88.8365,1,21,0.050000
3218,decreciente,85.4358,1,27,0.050000
3219,decreciente,93.3217,1,17,0.050000
3220,decreciente,85.2445,1,25,0.050000
3221,decreciente,87.7117,1,23,0.050000
3222,decreciente,84.0844,1,26,0.050000
3223,decreciente,79.7500,1,32,0.050000
3224,decreciente,84.7262,1,28,0.050000
3225,decreciente,81.1973,1,33,0.050000
3226,decreciente,81.6033,1,32,0.050000
3227,decreciente,78.6718,1,37,0.050000
3228,decreciente,83.8762,1,31,0.050000
3229,decreciente,77.6230,1,33,0.050000
3230,decreciente,82.0696,1,27,0.050000
3231,decreciente,88.8363,1,22,0.050000
3232,decreciente,90.9345,1,23,0.050000
3233,decreciente,84.0845,1,27,0.050000
3234,decreciente,80.2285,1,30,0.050000
3235,decreciente,88.1262,1,23,0.050000
3236,decreciente,78.1014,1,35,0.050000
3237,decreciente,79.7506,1,33,0.050000
3238,decreciente,83.9760,1,28,0.050000
3239,decreciente,84.8543,1,25,0.050000
3240,decreciente,89.1728,1,20,0.050000
3241,decreciente,78.6189,1,34,0.050000
3242,decreciente,83.4016,1,29,0.050000
3243,decreciente,83.3652,1,31,0.050000
3244,decreciente,86.8932,1,25,0.050000
3245,decreciente,88.2981,1,23,0.050000
3246,decreciente,86.8186,1,26,0.050000
3247,decreciente,82.2009,1,31,0.050000
3248,decreciente,88.0238,1,27,0.050000
3249,decreciente,87.5140,1,24,0.050000
3250,decreciente,78.5753,1,34,0.050000
3251,decreciente,83.8076,1,28,0.050000
3252,decreciente,83.6150,1,30,0.050000
3253,decreciente,80.9922,1,28,0.050000
3254,decreciente,79.3181,1,33,0.050000
3255,decreciente,83.7480,1,27,0.050000
3256,decreciente,98.2039,1,13,0.050000
3257,decreciente,94.7598,1,17,0.050000
3258,decreciente,84.6217,1,27,0.050000
3259,decreciente,78.3145,1,35,0.050000
3260,decreciente,94.4881,1,20,0.050000
3261,decreciente,83.7488,1,28,0.050000
3262,decreciente,78.1685,1,37,0.050000
3263,decreciente,79.8706,1,31,0.050000
3264,decreciente,81.7675,1,29,0.050000
3265,decreciente,98.4368,1,13,0.050000
3266,decreciente,88.9355,1,22,0.050000
3267,decreciente,86.6925,1,25,0.050000
3268,decreciente,81.8482,1,30,0.050000
3269,decreciente,87.4502,1,25,0.050000
3270,decreciente,84.7654,1,25,0.050000
3271,decreciente,91.4274,1,19,0.050000
3272,decreciente,91.9064,1,21,0.050000
3273,decreciente,84.3065,1,24,0.050000
3274,decreciente,87.3593,1,25,0.050000
3275,decreciente,84.5436,1,31,0.050000
3276,decreciente,86.5907,1,22,0.050000
3277,decreciente,82.8032,1,31,0.050000
3278,decreciente,82.3036,1,26,0.050000
3279,decreciente,88.4581,1,26,0.050000
3280,decreciente,96.0408,1,15,0.050000
3281,decreciente,88.5074,1,25,0.050000
3282,decreciente,93.1394,1,22,0.050000
3283,decreciente,87.6692,1,25,0.050000
3284,decreciente,91.2418,1,19,0.050000
3285,decreciente,74.8859,1,39,0.050000
3286,decreciente,76.0915,1,36,0.050000
3287,decreciente,80.9184,1,32,0.050000
3288,decreciente,87.1680,1,24,0.050000
3289,decreciente,82.3698,1,28,0.050000
3290,decreciente,93.5967,1,17,0.050000
3291,decreciente,88.3531,1,24,0.050000
3292,decreciente,77.3828,1,37,0.050000
3293,decreciente,85.7919,1,28,0.050000
3294,decreciente,83.8501,1,28,0.050000
3295,decreciente,89.8970,1,20,0.050000
3296,decreciente,89.2297,1,23,0.050000
3297,decreciente,90.1380,1,21,0.050000
3298,decreciente,79.6598,1,34,0.050000
3299,decreciente,91.1355,1,19,0.050000
3300,decreciente,93.7210,1,17,0.050000
3301,decreciente,89.0619,1,22,0.050000
3302,decreciente,81.3140,1,28,0.050000
3303,decreciente,85.5144,1,29,0.050000
3304,decreciente,79.6934,1,33,0.050000
3305,decreciente,86.5646,1,27,0.050000
3306,decreciente,84.5688,1,25,0.050000
3307,decreciente,78.6726,1,34,0.050000
3308,decreciente,90.3762,1,24,0.050000
3309,decreciente,76.7909,1,35,0.050000
3310,decreciente,89.3262,1,22,0.050000
3311,decreciente,89.4353,1,26,0.050000
3312,decreciente,85.8177,1,25,0.050000
3313,decreciente,85.2293,1,27,0.050000
3314,decreciente,87.6588,1,24,0.050000
3315,decreciente,78.6850,1,33,0.050000
3316,decreciente,92.5236,1,21,0.050000
3317,decreciente,77.8667,1,36,0.050000
3318,decreciente,72.8747,1,38,0.050000
3319,decreciente,80.8178,1,32,0.050000
3320,decreciente,79.4575,1,34,0.050000
3321,decreciente,83.7806,1,30,0.050000
3322,decreciente,79.9681,1,31,0.050000
3323,decreciente,83.7950,1,31,0.050000
3324,decreciente,80.3912,1,34,0.050000
3325,decreciente,83.8698,1,30,0.050000
3326,decreciente,85.1982,1,26,0.050000
3327,decreciente,91.5196,1,21,0.050000
3328,decreciente,86.3543,1,28,0.050000
3329,decreciente,91.6075,1,21,0.050000
3330,decreciente,83.2843,1,26,0.050000
3331,decreciente,91.9390,1,20,0.050000
3332,decreciente,92.9608,1,22,0.050000
3333,decreciente,85.2598,1,24,0.050000
3334,decreciente,90.5972,1,21,0.050000
3335,decreciente,85.4329,1,24,0.050000
3336,decreciente,81.6111,1,34,0.050000
3337,decreciente,82.4175,1,32,0.050000
3338,decreciente,85.9196,1,26,0.050000
3339,decreciente,86.2704,1,26,0.050000
3340,decreciente,85.3339,1,26,0.050000
3341,decreciente,82.1022,1,29,0.050000
3342,decreciente,89.4794,1,22,0.050000
3343,decreciente,90.0744,1,23,0.050000
3344,decreciente,81.2403,1,31,0.050000
3345,decreciente,78.0670,1,36,0.050000
3346,decreciente,3.9219,0,40,0.050000
3347,decreciente,87.9783,1,22,0.050000
3348,decreciente,81.8579,1,31,0.050000
3349,decreciente,76.9822,1,37,0.050000
3350,decreciente,83.3577,1,31,0.050000
3351,decreciente,84.0123,1,28,0.050000
3352,decreciente,74.7750,1,38,0.050000
3353,decreciente,91.1562,1,23,0.050000
3354,decreciente,88.7065,1,21,0.050000
3355,decreciente,85.6257,1,29,0.050000
3356,decreciente,81.8577,1,28,0.050000
3357,decreciente,89.9503,1,21,0.050000
3358,decreciente,75.7912,1,36,0.050000
3359,decreciente,83.1200,1,27,0.050000
3360,decreciente,82.6934,1,30,0.050000
3361,decreciente,87.4690,1,27,0.050000
3362,decreciente,78.8796,1,34,0.050000
3363,decreciente,82.6570,1,33,0.050000
3364,decreciente,82.1278,1,31,0.050000
3365,decreciente,85.4447,1,25,0.050000
3366,decreciente,81.0074,1,31,0.050000
3367,decreciente,85.2824,1,27,0.050000
3368,decreciente,89.6559,1,25,0.050000
3369,decreciente,7.5555,0,40,0.050000
3370,decreciente,81.3773,1,30,0.050000
3371,decreciente,79.6471,1,34,0.050000
3372,decreciente,83.7131,1,27,0.050000
3373,decreciente,85.2410,1,27,0.050000
3374,decreciente,81.7736,1,30,0.050000
3375,decreciente,82.0628,1,30,0.050000
3376,decreciente,85.7571,1,27,0.050000
3377,decreciente,84.7850,1,27,0.050000
3378,decreciente,80.9473,1,34,0.050000
3379,decreciente,86.4217,1,24,0.050000
3380,decreciente,86.2143,1,25,0.050000
3381,decreciente,90.8574,1,23,0.050000
3382,decreciente,88.8051,1,23,0.050000
3383,decreciente,89.9512,1,25,0.050000
3384,decreciente,85.2382,1,24,0.050000
3385,decreciente,87.1679,1,25,0.050000
3386,decreciente,87.9429,1,23,0.050000
3387,decreciente,85.7153,1,25,0.050000
3388,decreciente,74.1463,1,40,0.050000
3389,decreciente,86.3900,1,26,0.050000
3390,decreciente,83.9853,1,30,0.050000
3391,decreciente,85.1306,1,26,0.050000
3392,decreciente,83.6284,1,30,0.050000
3393,decreciente,96.2386,1,15,0.050000
3394,decreciente,79.0601,1,34,0.050000
3395,decreciente,84.5898,1,29,0.050000
3396,decreciente,80.8951,1,30,0.050000
3397,decreciente,81.7100,1,30,0.050000
3398,decreciente,81.3155,1,32,0.050000
3399,decreciente,96.6798,1,15,0.050000
3400,decreciente,89.9155,1,21,0.050000
3401,decreciente,83.7236,1,30,0.050000
3402,decreciente,90.2336,1,22,0.050000
3403,decreciente,80.9240,1,32,0.050000
3404,decreciente,84.6166,1,30,0.050000
3405,decreciente,85.7613,1,27,0.050000
3406,decreciente,81.6087,1,32,0.050000
3407,decreciente,79.4284,1,33,0.050000
3408,decreciente,86.4081,1,26,0.050000
3409,decreciente,76.2769,1,36,0.050000
3410,decreciente,87.3813,1,26,0.050000
3411,decreciente,85.4823,1,28,0.050000
3412,decreciente,87.7951,1,25,0.050000
3413,decreciente,84.9944,1,27,0.050000
3414,decreciente,91.5405,1,21,0.050000
3415,decreciente,93.3965,1,18,0.050000
3416,decreciente,79.4179,1,33,0.050000
3417,decreciente,87.7225,1,24,0.050000
3418,decreciente,85.5110,1,25,0.050000
3419,decreciente,87.8885,1,25,0.050000
3420,decreciente,87.3220,1,26,0.050000
3421,decreciente,96.5141,1,18,0.050000
3422,decreciente,77.8544,1,38,0.050000
3423,decreciente,81.6971,1,32,0.050000
3424,decreciente,89.1961,1,22,0.050000
3425,decreciente,87.9632,1,22,0.050000
3426,decreciente,87.3267,1,27,0.050000
3427,decreciente,83.5590,1,26,0.050000
3428,decreciente,87.0184,1,26,0.050000
3429,decreciente,75.9529,1,37,0.050000
3430,decreciente,83.2003,1,28,0.050000
3431,decreciente,79.6256,1,33,0.050000
3432,decreciente,81.0698,1,29,0.050000
3433,decreciente,91.8357,1,18,0.050000
3434,decreciente,84.7745,1,30,0.050000
3435,decreciente,80.5783,1,32,0.050000
3436,decreciente,79.1329,1,35,0.050000
3437,decreciente,90.5422,1,20,0.050000
3438,decreciente,84.1545,1,27,0.050000
3439,decreciente,79.7411,1,33,0.050000
3440,decreciente,82.1579,1,29,0.050000
3441,decreciente,92.5992,1,17,0.050000
3442,decreciente,95.6481,1,17,0.050000
3443,decreciente,81.3478,1,30,0.050000
3444,decreciente,81.7508,1,32,0.050000
3445,decreciente,89.8498,1,23,0.050000
3446,decreciente,91.7318,1,19,0.050000
3447,decreciente,81.1615,1,33,0.050000
3448,decreciente,81.5791,1,30,0.050000
3449,decreciente,83.9963,1,28,0.050000
3450,decreciente,80.4650,1,33,0.050000
3451,decreciente,82.4465,1,32,0.050000
3452,decreciente,83.4929,1,31,0.050000
3453,decreciente,76.6587,1,37,0.050000
3454,decreciente,77.3419,1,37,0.050000
3455,decreciente,85.1971,1,27,0.050000
3456,decreciente,79.8958,1,31,0.050000
3457,decreciente,84.6011,1,27,0.050000
3458,decreciente,79.5922,1,33,0.050000
3459,decreciente,85.7413,1,26,0.050000
3460,decreciente,89.4538,1,20,0.050000
3461,decreciente,82.2494,1,29,0.050000
3462,decreciente,80.8897,1,33,0.050000
3463,decreciente,91.3071,1,19,0.050000
3464,decreciente,86.7135,1,25,0.050000
3465,decreciente,84.7216,1,25,0.050000
3466,decreciente,75.7816,1,36,0.050000
3467,decreciente,77.7279,1,33,0.050000
3468,decreciente,81.1673,1,30,0.050000
3469,decreciente,89.3675,1,23,0.050000
3470,decreciente,87.8210,1,24,0.050000
3471,decreciente,81.9082,1,30,0.050000
3472,decreciente,82.6003,1,29,0.050000
3473,decreciente,83.7153,1,31,0.050000
3474,decreciente,88.7512,1,23,0.050000
3475,decreciente,81.1992,1,31,0.050000
3476,decreciente,81.2320,1,32,0.050000
3477,decreciente,88.3344,1,25,0.050000
3478,decreciente,83.7865,1,31,0.050000
3479,decreciente,95.0604,1,18,0.050000
3480,decreciente,87.2303,1,24,0.050000
3481,decreciente,86.5733,1,24,0.050000
3482,decreciente,89.3449,1,22,0.050000
3483,decreciente,95.7111,1,17,0.050000
3484,decreciente,79.4643,1,32,0.050000
3485,decreciente,76.5663,1,36,0.050000
3486,decreciente,85.1393,1,26,0.050000
3487,decreciente,91.7702,1,19,0.050000
3488,decreciente,82.8690,1,28,0.050000
3489,decreciente,92.6455,1,21,0.050000
3490,decreciente,81.6305,1,32,0.050000
3491,decreciente,83.6647,1,30,0.050000
3492,decreciente,80.4531,1,35,0.050000
3493,decreciente,77.3961,1,35,0.050000
3494,decreciente,86.2158,1,25,0.050000
3495,decreciente,91.9396,1,20,0.050000
3496,decreciente,83.2777,1,26,0.050000
3497,decreciente,79.7238,1,33,0.050000
3498,decreciente,91.6901,1,18,0.050000
3499,decreciente,82.3717,1,30,0.050000
